id,activity_date,total_steps,total_distance,tracker_distance,logged_activities_distance,very_active_distance,moderaly_active_distance,light_active_distance,sedentary_active_distance,very_active_minutes,fairly_active_minutes,lightly_active_minutes,sedentary_minutes,calories
1624580081,4/12/2016,18060,5.309999943,5.309999943,0,0,0,5.309999943,0,0,0,146,1294,1432
3977333714,4/12/2016,9762,5.980000019,5.980000019,0,3.059999943,0.910000026,2.00999999,0,44,19,131,777,1450
2026352035,4/12/2016,11663,2.74000001,2.74000001,0,0.189999998,0.349999994,2.200000048,0,3,8,181,706,1459
6117666160,4/12/2016,5546,0,0,0,0,0,0,0,0,0,0,1440,1496
3372868164,4/12/2016,10080,3.24000001,3.24000001,0,0,0,3.230000019,0.01,0,0,280,1160,1788
6775888955,4/12/2016,4744,0,0,0,0,0,0,0,0,0,0,1440,1841
4558609924,4/12/2016,7365,3.390000105,3.390000105,0,0,0,3.390000105,0,0,0,318,1122,1909
2873212765,4/12/2016,10352,5.909999847,5.909999847,0,0.109999999,0.930000007,4.880000114,0,2,21,356,1061,1982
1503960366,4/12/2016,36019,8.5,8.5,0,1.879999995,0.550000012,6.059999943,0,25,13,328,728,1985
6962181067,4/12/2016,4249,6.739999771,6.739999771,0,3.400000095,0.829999983,2.50999999,0,50,14,189,796,1994
5553957443,4/12/2016,6497,7.570000172,7.570000172,0,1.370000005,0.790000021,5.409999847,0,19,13,277,767,2026
1844505072,4/12/2016,14055,4.429999828,4.429999828,0,0,0,4.429999828,0,0,0,339,1101,2030
8792009665,4/12/2016,0,1.639999986,1.639999986,0,0,0,1.639999986,0,0,0,116,831,2044
8253242879,4/12/2016,2072,7.159999847,7.159999847,0,5.429999828,0.140000001,1.590000033,0,40,2,154,1244,2044
4445114986,4/12/2016,7875,2.200000048,2.200000048,0,0,0,2.200000048,0,0,0,196,787,2113
4319703577,4/12/2016,8796,5.199999809,5.199999809,0,0,0,0,0,0,0,0,1440,2115
2320127002,4/12/2016,11085,7.489999771,7.489999771,0,1.169999957,0.310000002,6.010000229,0,13,9,306,1112,2124
1927972279,4/12/2016,13019,0.469999999,0.469999999,0,0,0,0.469999999,0,0,0,55,734,2220
4057192912,4/12/2016,8859,4.03000021,4.03000021,0,0,0,3.940000057,0,0,0,164,1276,2286
2347167796,4/12/2016,10553,6.829999924,6.829999924,0,2,0.620000005,4.199999809,0,28,13,320,964,2344
2022484408,4/12/2016,12375,8.340000153,8.340000153,0,3.309999943,0.769999981,4.260000229,0,42,14,227,1157,2390
6290855005,4/12/2016,5164,3.450000048,3.450000048,0,0,0,3.450000048,0,0,0,199,1241,2560
8583815059,4/12/2016,152,3.910000086,3.910000086,0,0,0.330000013,3.579999924,0,0,7,196,1237,2650
7086361926,4/12/2016,3335,8.409999847,8.409999847,0,5.269999981,0.150000006,2.970000029,0,59,6,153,745,2772
7007744171,4/12/2016,3703,10.28999996,9.479999542,4.869782925,4.5,0.379999995,5.409999847,0,53,8,355,1024,2937
4702921684,4/12/2016,6910,5.880000114,5.880000114,0,0,0,5.849999905,0,0,0,263,718,2947
4388161847,4/12/2016,8247,7.78000021,7.78000021,0,0,0,0,0,0,0,0,1440,2955
8053475328,4/12/2016,2704,14.11999989,14.11999989,0,11.64000034,0.389999986,2.099999905,0,116,8,123,1193,3186
1644430081,4/12/2016,15108,7.769999981,7.769999981,0,0.140000001,2.299999952,5.329999924,0,2,51,256,1131,3199
5577150313,4/12/2016,6088,6.079999924,6.079999924,0,3.599999905,0.379999995,2.099999905,0,86,16,140,728,3405
8378563200,4/12/2016,1510,6.050000191,6.050000191,2.253081083,0.829999983,0.709999979,4.5,0,65,15,156,723,3635
4020332650,4/12/2016,9261,6.119999886,6.119999886,0,0.150000006,0.239999995,5.679999828,0,4,15,331,712,3654
8877689391,4/12/2016,0,20.39999962,20.39999962,0,12.22000027,0.340000004,7.820000172,0,85,7,312,1036,3921
1624580081,4/13/2016,17298,4.550000191,4.550000191,0,0,0,4.550000191,0,0,0,148,1292,1411
3977333714,4/13/2016,9753,6.710000038,6.710000038,0,2.029999971,2.130000114,2.549999952,0,31,46,153,754,1495
6117666160,4/13/2016,5528,0,0,0,0,0,0,0,0,0,0,1440,1496
2026352035,4/13/2016,11658,3.099999905,3.099999905,0,0,0,3.099999905,0,0,0,238,663,1521
6962181067,4/13/2016,4212,3.74000001,3.74000001,0,0.569999993,1.210000038,1.960000038,0,8,24,142,548,1718
5553957443,4/13/2016,6474,3.160000086,3.160000086,0,0,0,3.160000086,0,0,0,226,647,1718
4558609924,4/13/2016,7359,3.289999962,3.289999962,0,1.24000001,0.439999998,1.610000014,0,19,7,127,1287,1722
1503960366,4/13/2016,29326,6.96999979,6.96999979,0,1.570000052,0.689999998,4.710000038,0,21,19,217,776,1797
1844505072,4/13/2016,14019,3.25999999,3.25999999,0,0,0,3.25999999,0,0,0,248,1192,1860
8792009665,4/13/2016,0,0.839999974,0.839999974,0,0,0,0.839999974,0,0,0,82,806,1934
8253242879,4/13/2016,2064,6.099999905,6.099999905,0,4.170000076,0.629999995,1.309999943,0,35,11,96,1298,1935
4020332650,4/13/2016,9259,0,0,0,0,0,0,0,0,0,0,1440,1981
2320127002,4/13/2016,11045,4.900000095,4.900000095,0,0,0,4.900000095,0,0,0,335,1105,2003
2873212765,4/13/2016,10320,5.119999886,5.119999886,0,0,0.219999999,4.880000114,0.02,0,8,404,1028,2004
2347167796,4/13/2016,10544,7.010000229,7.010000229,0,1.659999967,1.940000057,3.410000086,0,19,32,195,676,2038
3372868164,4/13/2016,10074,6.630000114,6.630000114,0,0.99000001,0.340000004,5.269999981,0.02,16,8,371,1045,2093
4445114986,4/13/2016,7860,1.99000001,1.99000001,0,0,0,1.99000001,0,0,0,194,840,2095
4319703577,4/13/2016,8793,5.5,5.5,0,0.529999971,0.589999974,1.309999943,0,8,15,96,1234,2135
1927972279,4/13/2016,12986,0.25,0.25,0,0,0,0.25,0,0,0,32,986,2151
4057192912,4/13/2016,8857,4.46999979,4.46999979,0,0,0,4.369999886,0,0,0,160,1280,2306
6775888955,4/13/2016,4732,2.910000086,2.910000086,0,1.110000014,0.579999983,1.220000029,0,17,18,85,1053,2400
7086361926,4/13/2016,3325,3.619999886,3.619999886,0,0.560000002,0.209999993,2.839999914,0,31,26,155,744,2516
5577150313,4/13/2016,6083,3.789999962,3.789999962,0,0.319999993,0.219999999,3.25,0,15,11,144,776,2551
2022484408,4/13/2016,12363,8.5,8.5,0,2.99000001,0.100000001,5.409999847,0,43,5,292,1100,2601
8583815059,4/13/2016,149,4.349999905,4.349999905,0,0.150000006,0.970000029,3.230000019,0,2,23,163,1252,2654
7007744171,4/13/2016,3702,9.649999619,8.600000381,4.851306915,4.610000134,0.560000002,4.480000019,0,56,22,261,1101,2742
4702921684,4/13/2016,6907,5.579999924,5.579999924,0,0,0,5.579999924,0,0,0,258,777,2898
1644430081,4/13/2016,15103,5.820000172,5.820000172,0,2.279999971,0.899999976,2.640000105,0,30,16,135,1259,2902
6290855005,4/13/2016,5162,5.400000095,5.400000095,0,0,0,5.389999866,0.01,0,0,350,1090,2905
4388161847,4/13/2016,8242,8.449999809,8.449999809,0,0.059999999,0.629999995,3.880000114,0,1,14,150,1275,3092
8053475328,4/13/2016,2672,13.35000038,13.35000038,0,10.43000031,0.469999999,2.450000048,0,95,12,156,1177,3140
8877689391,4/13/2016,0,9.579999924,9.579999924,0,3.549999952,0.379999995,5.639999866,0,108,18,216,1098,3566
8378563200,4/13/2016,1510,9.819999695,9.819999695,2.092147112,4.960000038,0.649999976,4.210000038,0,116,14,169,680,4079
2026352035,4/14/2016,11611,2.069999933,2.069999933,0,0,0,2.049999952,0,0,0,197,653,1431
3977333714,4/14/2016,9733,5.110000134,5.110000134,0,0.319999993,0.970000029,3.819999933,0,5,23,214,801,1433
6962181067,4/14/2016,4193,1.029999971,1.029999971,0,0,0,1.029999971,0,0,0,86,862,1466
6117666160,4/14/2016,5512,0,0,0,0,0,0,0,0,0,0,1440,1496
1624580081,4/14/2016,17076,5.920000076,5.920000076,0,0,0,5.909999847,0.01,0,0,236,1204,1572
2320127002,4/14/2016,11037,2.680000067,2.680000067,0,0,0,2.680000067,0,0,0,191,1249,1696
8253242879,4/14/2016,1982,3.460000038,3.460000038,0,1.929999948,0.99000001,0.540000021,0,29,16,33,1362,1705
4057192912,4/14/2016,8856,0,0,0,0,0,0,0,0,0,0,1440,1776
1503960366,4/14/2016,27745,6.739999771,6.739999771,0,2.440000057,0.400000006,3.910000086,0,30,11,181,1218,1776
2873212765,4/14/2016,10319,5.320000172,5.320000172,0,0,0,5.320000172,0,0,0,331,1109,1893
4558609924,4/14/2016,7336,4.489999771,4.489999771,0,0,0,4.489999771,0,0,0,279,1161,1922
8792009665,4/14/2016,0,0.779999971,0.779999971,0,0,0,0.779999971,0,0,0,84,853,1963
2347167796,4/14/2016,10538,6.699999809,6.699999809,0,0.02,2.74000001,3.940000057,0,1,48,206,705,2010
4020332650,4/14/2016,9256,0.079999998,0.079999998,0,0,0,0.029999999,0,0,0,3,1437,2011
3372868164,4/14/2016,10060,6.03000021,6.03000021,0,0.340000004,1.029999971,4.650000095,0.01,6,25,370,1039,2065
1844505072,4/14/2016,13953,5.25,5.25,0,0,0,5.230000019,0,0,0,373,843,2130
4445114986,4/14/2016,7851,2.670000076,2.670000076,0,0,0,2.670000076,0,0,0,231,717,2194
4319703577,4/14/2016,8758,6.880000114,6.880000114,0,0.109999999,0.330000013,6.440000057,0,1,9,339,589,2302
2022484408,4/14/2016,12357,7.5,7.5,0,2.480000019,0.209999993,4.820000172,0,32,3,257,1148,2312
5553957443,4/14/2016,6474,11.11999989,11.11999989,0,4,2.450000048,4.670000076,0,61,41,256,693,2324
1927972279,4/14/2016,12961,1.5,1.5,0,0,0.400000006,1.100000024,0,0,9,88,1292,2383
8583815059,4/14/2016,144,2.450000048,2.450000048,0,0,0,2.430000067,0,0,0,134,1306,2443
6775888955,4/14/2016,4729,3.700000048,3.700000048,0,0.870000005,0.860000014,1.970000029,0,14,24,105,863,2507
7007744171,4/14/2016,3689,8.239999771,7.480000019,3.285414934,2.950000048,0.340000004,4.960000038,0,34,6,304,1096,2668
7086361926,4/14/2016,3321,6.119999886,6.119999886,0,2.029999971,0.330000013,3.660000086,0,35,32,189,787,2734
6290855005,4/14/2016,5161,5.800000191,5.800000191,0,0,0,5.769999981,0.029999999,0,0,363,1077,2952
4702921684,4/14/2016,6905,6.369999886,6.369999886,0,0,0,6.369999886,0,0,0,271,772,2984
4388161847,4/14/2016,8240,6.820000172,6.820000172,0,0.129999995,1.070000052,5.619999886,0,10,35,219,945,2998
1644430081,4/14/2016,15090,8.020000458,8.020000458,0,0.360000014,2.559999943,5.099999905,0,5,58,252,1125,3226
8053475328,4/14/2016,2661,15.97000027,15.97000027,0,12.34000015,0.209999993,3.359999895,0,119,5,193,1123,3411
8877689391,4/14/2016,0,18.97999954,18.97999954,0,10.55000019,0.589999974,7.75,0.02,68,13,298,1061,3793
5577150313,4/14/2016,6076,6.420000076,6.420000076,0,3.329999924,0.310000002,2.779999971,0,118,30,176,662,4022
8378563200,4/14/2016,1329,10.56000042,10.56000042,2.253081083,5.619999886,1.029999971,3.910000086,0,123,21,174,699,4163
1624580081,4/15/2016,17022,0.980000019,0.980000019,0,0,0,0.970000029,0,0,0,96,1344,1344
2026352035,4/15/2016,11596,2.369999886,2.369999886,0,0,0,2.369999886,0,0,0,188,687,1444
3977333714,4/15/2016,9715,6.059999943,6.059999943,0,1.049999952,1.75,3.25999999,0,15,42,183,644,1468
4057192912,4/15/2016,8844,2.950000048,2.950000048,0,0.209999993,0.25999999,2.440000057,0,3,6,88,873,1527
8253242879,4/15/2016,1969,1.769999981,1.769999981,0,0,0,1.75999999,0,0,0,105,1335,1632
1844505072,4/15/2016,13928,2.539999962,2.539999962,0,0,0,2.539999962,0,0,0,176,527,1725
1503960366,4/15/2016,23629,6.28000021,6.28000021,0,2.140000105,1.25999999,2.829999924,0,29,34,209,726,1745
6962181067,4/15/2016,4188,3.680000067,3.680000067,0,0,0,3.680000067,0,0,0,217,837,1756
2320127002,4/15/2016,11034,3.50999999,3.50999999,0,0,0,3.50999999,0,0,0,245,1195,1801
3372868164,4/15/2016,10055,5.079999924,5.079999924,0,0,0,5.059999943,0.02,0,0,335,1105,1908
4319703577,4/15/2016,8757,3.799999952,3.799999952,0,0,0,3.799999952,0,0,0,228,752,1985
8792009665,4/15/2016,0,1.590000033,1.590000033,0,0,0,1.590000033,0,0,0,126,937,2009
2873212765,4/15/2016,10299,5.699999809,5.699999809,0,0,0,5.690000057,0.01,0,0,448,992,2063
7007744171,4/15/2016,3673,3.529999971,3.529999971,0,0,0,3.529999971,0,0,0,202,1238,2098
4558609924,4/15/2016,7328,5.150000095,5.150000095,0,0.589999974,0.839999974,3.730000019,0,17,30,262,1131,2121
6775888955,4/15/2016,4697,0.920000017,0.920000017,0,0,0,0.920000017,0,0,0,58,976,2127
2347167796,4/15/2016,10538,6.920000076,6.920000076,0,0.07,1.419999957,5.429999828,0,1,24,284,720,2133
1927972279,4/15/2016,12954,0.680000007,0.680000007,0,0,0,0.680000007,0,0,0,51,941,2221
5553957443,4/15/2016,6466,10.85999966,10.85999966,0,4.159999847,1.980000019,4.710000038,0,58,38,239,689,2254
7086361926,4/15/2016,3292,5.670000076,5.670000076,0,2.039999962,1.110000014,2.529999971,0,30,21,139,864,2395
4445114986,4/15/2016,7833,4.829999924,4.829999924,0,0,0,4.829999924,0,0,0,350,711,2496
8583815059,4/15/2016,108,2.680000067,2.680000067,0,0,0,0.899999976,0,0,0,65,1375,2505
2022484408,4/15/2016,12346,8.029999733,8.029999733,0,1.940000057,0.310000002,5.78000021,0,27,9,282,1122,2525
1644430081,4/15/2016,15050,3.829999924,3.829999924,0,0.219999999,0.150000006,3.450000048,0,3,4,170,1263,2750
6117666160,4/15/2016,5510,10.59000015,10.59000015,0,0,0.280000001,10.30000019,0,0,6,513,921,2865
6290855005,4/15/2016,5153,7.179999828,7.179999828,0,0,0,7.170000076,0.01,0,0,328,1112,2896
4702921684,4/15/2016,6890,5.28000021,5.28000021,0,0.07,0.419999987,4.789999962,0,1,8,256,944,2896
4020332650,4/15/2016,9232,1.350000024,1.350000024,0,0.209999993,0.360000014,0.769999981,0,36,18,87,1299,2951
4388161847,4/15/2016,8237,6.730000019,6.730000019,0,0,0,6.730000019,0,0,0,299,837,3066
8053475328,4/15/2016,2573,16.23999977,16.23999977,0,13.26000023,0.389999986,2.589999914,0,132,8,158,1142,3410
8378563200,4/15/2016,1326,11.47000027,11.47000027,0,4.909999847,1.149999976,5.409999847,0,60,23,190,729,3666
8877689391,4/15/2016,0,7.170000076,7.170000076,0,0.050000001,0.050000001,7.010000229,0.01,106,1,281,1052,3934
5577150313,4/15/2016,6064,9.079999924,9.079999924,0,3.920000076,1.600000024,3.559999943,0,115,54,199,695,4005
2026352035,4/16/2016,11584,1.580000043,1.580000043,0,0,0,1.580000043,0,0,0,150,728,1373
1624580081,4/16/2016,16901,3.49000001,3.49000001,0,0,0,3.49000001,0,0,0,176,1264,1463
3977333714,4/16/2016,9705,9,9,0,2.029999971,4,2.970000029,0,31,83,153,663,1625
7086361926,4/16/2016,3276,0.01,0.01,0,0,0,0.01,0,0,0,3,1437,1635
1844505072,4/16/2016,13755,2.25999999,2.25999999,0,0,0,2.25999999,0,0,0,147,1293,1657
8792009665,4/16/2016,0,0.159999996,0.159999996,0,0,0,0.159999996,0,0,0,12,1428,1721
2320127002,4/16/2016,11009,3.410000086,3.410000086,0,0,0,3.400000095,0,0,0,195,1245,1724
5553957443,4/16/2016,6440,3.769999981,3.769999981,0,0,0,3.769999981,0,0,0,288,521,1831
1503960366,4/16/2016,23186,8.159999847,8.159999847,0,2.710000038,0.409999996,5.039999962,0,36,10,221,773,1863
8253242879,4/16/2016,1967,6.139999866,6.139999866,0,0.430000007,3.269999981,2.450000048,0,6,51,115,1268,1880
4319703577,4/16/2016,8712,3.180000067,3.180000067,0,0,0,3.180000067,0,0,0,194,724,1884
3372868164,4/16/2016,10052,4.730000019,4.730000019,0,0,0,4.699999809,0.029999999,0,0,356,1084,1908
4558609924,4/16/2016,7303,4.820000172,4.820000172,0,0.550000012,0.75,3.5,0,8,12,308,1112,1997
1927972279,4/16/2016,12912,0,0,0,0,0,0,0,0,0,0,1440,2064
7007744171,4/16/2016,3672,3.099999905,3.099999905,0,0,0,3.099999905,0,0,0,203,1155,2076
2873212765,4/16/2016,10288,6.650000095,6.650000095,0,3.109999895,0.02,3.50999999,0.01,47,1,305,1087,2148
6962181067,4/16/2016,4165,8.739999771,8.739999771,0,3.660000086,0.189999998,4.880000114,0,50,3,280,741,2173
2022484408,4/16/2016,12342,7.090000153,7.090000153,0,3.150000095,0.550000012,3.390000105,0,41,11,151,1237,2177
4445114986,4/16/2016,7804,2.650000095,2.650000095,0,0,0,2.650000095,0,0,0,225,716,2180
6775888955,4/16/2016,4676,3.390000105,3.390000105,0,2.519999981,0.810000002,0.059999999,0,36,18,9,1377,2225
2347167796,4/16/2016,10536,15.07999992,15.07999992,0,5.449999809,4.099999905,5.53000021,0,66,72,268,968,2670
8583815059,4/16/2016,62,4.150000095,4.150000095,0,0,0,0,0,0,0,0,1440,2693
6290855005,4/16/2016,5151,6.28000021,6.28000021,0,0,0,6.269999981,0.01,0,0,258,1182,2783
6117666160,4/16/2016,5472,10.90999985,10.90999985,0,0.579999983,0.850000024,9.479999542,0,7,15,518,502,2828
8053475328,4/16/2016,2564,11.10999966,11.10999966,0,9.359999657,0.270000011,1.49000001,0,96,6,83,1255,2867
4020332650,4/16/2016,9217,1.419999957,1.419999957,0,0.449999988,0.370000005,0.589999974,0,65,21,55,1222,3051
4388161847,4/16/2016,8232,5.059999943,5.059999943,0,0.209999993,0.400000006,4.449999809,0,6,9,253,609,3073
4702921684,4/16/2016,6885,9.029999733,9.029999733,0,0.239999995,1.25,7.539999962,0,3,24,335,556,3328
8378563200,4/16/2016,1321,8.890000343,8.890000343,0,5.369999886,1.070000052,2.440000057,0,64,21,142,563,3363
1644430081,4/16/2016,15010,11.11999989,11.11999989,0,4.099999905,1.879999995,5.090000153,0,51,42,212,1135,3493
5577150313,4/16/2016,6047,10.65999985,10.65999985,0,6.639999866,1.279999971,2.730000019,0,184,56,158,472,4274
8877689391,4/16/2016,0,25.29000092,25.29000092,0,13.23999977,1.210000038,10.71000004,0,94,29,429,888,4547
2026352035,4/17/2016,11550,0.519999981,0.519999981,0,0,0,0.519999981,0,0,0,60,1053,1214
5553957443,4/17/2016,6435,0.430000007,0.430000007,0,0,0,0.430000007,0,0,0,46,943,1397
4319703577,4/17/2016,8701,0.02,0.02,0,0,0,0.02,0,0,0,3,1363,1464
3977333714,4/17/2016,9685,6.96999979,6.96999979,0,0.699999988,2.349999905,3.920000076,0,11,58,205,600,1529
2873212765,4/17/2016,10255,1.700000048,1.700000048,0,0,0.349999994,1.340000033,0,0,8,160,1272,1529
1624580081,4/17/2016,16674,4.059999943,4.059999943,0,1.029999971,1.519999981,1.49000001,0.01,15,22,127,1276,1554
7086361926,4/17/2016,3176,0,0,0,0,0,0,0,0,0,0,1440,1629
8792009665,4/17/2016,0,0,0,0,0,0,0,0,0,0,0,1440,1688
1503960366,4/17/2016,22988,6.480000019,6.480000019,0,3.190000057,0.779999971,2.50999999,0,38,20,164,539,1728
1844505072,4/17/2016,13744,2.99000001,2.99000001,0,0.140000001,0.25999999,2.589999914,0,2,8,199,1231,1793
2320127002,4/17/2016,10999,4.179999828,4.179999828,0,0,0,4.179999828,0,0,0,249,1191,1852
2347167796,4/17/2016,10524,3.619999886,3.619999886,0,0.079999998,0.280000001,3.25999999,0,1,7,249,508,1882
4445114986,4/17/2016,7802,1.519999981,1.519999981,0,0,0,1.519999981,0,0,0,114,1219,1933
3372868164,4/17/2016,10039,5.880000114,5.880000114,0,1.409999967,0.100000001,4.360000134,0.01,11,2,322,1105,1964
4020332650,4/17/2016,9202,0.01,0.01,0,0,0,0.01,0,0,0,2,1438,1990
6962181067,4/17/2016,4112,6.710000038,6.710000038,0,0.330000013,0.680000007,5.690000057,0,5,13,295,634,2027
1927972279,4/17/2016,12862,0,0,0,0,0,0,0,0,0,0,1440,2063
6775888955,4/17/2016,4660,1.789999962,1.789999962,0,0.349999994,1.129999995,0.310000002,0,5,24,19,1392,2067
8253242879,4/17/2016,1882,7.909999847,7.909999847,0,5.429999828,0.150000006,2.329999924,0,41,5,157,1237,2112
4558609924,4/17/2016,7289,6.400000095,6.400000095,0,0.550000012,1.139999986,4.710000038,0,7,19,304,1110,2117
6117666160,4/17/2016,5454,5.400000095,5.400000095,0,0,0,5.400000095,0,0,0,312,702,2225
7007744171,4/17/2016,3634,5.389999866,5.389999866,0,0,0,5.389999866,0,0,0,305,1135,2383
8583815059,4/17/2016,44,2.349999905,2.349999905,0,0,0,0,0,0,0,0,1440,2439
8378563200,4/17/2016,1320,1.690000057,1.690000057,0,0,0,1.690000057,0,0,0,93,599,2572
4388161847,4/17/2016,8221,3.579999924,3.579999924,0,0,0,3.579999924,0,0,0,201,721,2572
2022484408,4/17/2016,12332,11.39999962,11.39999962,0,3.869999886,0.660000026,6.880000114,0,28,29,331,1052,2782
1644430081,4/17/2016,14990,6.369999886,6.369999886,0,2.25,0.569999993,3.549999952,0,29,13,186,1212,3011
6290855005,4/17/2016,5135,5.940000057,5.940000057,0,1.139999986,0.790000021,4,0,31,12,225,1172,3171
8053475328,4/17/2016,2547,13.68999958,13.68999958,0,9.239999771,0.800000012,3.640000105,0,111,21,195,1113,3213
4702921684,4/17/2016,6877,10.28999996,10.28999996,0,0.959999979,3.460000038,5.880000114,0,12,66,302,437,3394
8877689391,4/17/2016,0,8.869999886,8.869999886,0,0,0.07,8.789999962,0,58,15,307,1060,3545
5577150313,4/17/2016,6017,9.140000343,9.140000343,0,5.980000019,0.829999983,2.319999933,0,200,37,159,525,4552
2026352035,4/18/2016,11548,2.059999943,2.059999943,0,0,0,2.059999943,0,0,0,182,1062,1419
3977333714,4/18/2016,9648,7.800000191,7.800000191,0,0.25,3.730000019,3.819999933,0,4,95,214,605,1584
1624580081,4/18/2016,16556,7.409999847,7.409999847,0,2.150000095,0.620000005,4.619999886,0.01,17,7,202,1214,1604
4319703577,4/18/2016,8687,1.549999952,1.549999952,0,0.07,0.330000013,1.120000005,0,1,9,58,824,1632
5553957443,4/18/2016,6424,2.430000067,2.430000067,0,0,0,2.430000067,0,0,0,206,622,1683
8792009665,4/18/2016,0,0,0,0,0,0,0,0,0,0,0,1440,1688
1844505072,4/18/2016,13743,3.039999962,3.039999962,0,0,0.479999989,2.559999943,0,0,12,217,1211,1814
8253242879,4/18/2016,1868,3.480000019,3.480000019,0,1.039999962,0.629999995,1.799999952,0,16,16,130,1278,1829
2873212765,4/18/2016,10252,5.239999771,5.239999771,0,0.07,0.280000001,4.889999866,0,1,6,311,1122,1890
2320127002,4/18/2016,10993,4.420000076,4.420000076,0,0,0.25999999,4.139999866,0,0,7,260,1173,1905
1503960366,4/18/2016,22770,8.590000153,8.590000153,0,3.25,0.639999986,4.710000038,0,42,16,233,1149,1921
2347167796,4/18/2016,10520,5.449999809,5.449999809,0,0.790000021,0.860000014,3.789999962,0,11,16,206,678,1944
4020332650,4/18/2016,9172,0.039999999,0.039999999,0,0,0,0.039999999,0,0,0,2,1438,1995
3372868164,4/18/2016,10035,4.639999866,4.639999866,0,1.080000043,0.200000003,3.349999905,0,20,7,343,1070,2014
6117666160,4/18/2016,5439,3.910000086,3.910000086,0,0,0,3.890000105,0,0,0,241,759,2018
6962181067,4/18/2016,4081,7.539999962,7.539999962,0,0.829999983,2.390000105,4.320000172,0,13,42,238,689,2039
1927972279,4/18/2016,12857,0.170000002,0.170000002,0,0,0,0.170000002,0,0,0,17,1423,2111
4558609924,4/18/2016,7286,5.909999847,5.909999847,0,0.980000019,0.930000007,4,0,14,15,331,1080,2116
4445114986,4/18/2016,7795,4.239999771,4.239999771,0,2,0.289999992,1.950000048,0,25,6,162,1247,2248
8583815059,4/18/2016,42,3.00999999,3.00999999,0,0.310000002,1.059999943,1.350000024,0,4,22,105,1309,2536
7086361926,4/18/2016,3147,6.710000038,6.710000038,0,3.170000076,1.220000029,2.309999943,0,61,51,114,1136,2743
8877689391,4/18/2016,0,8.670000076,8.670000076,0,2.440000057,0.270000011,5.940000057,0,29,5,191,1215,2761
6290855005,4/18/2016,5079,5.210000038,5.210000038,0,0,0,5.190000057,0.02,0,0,271,1169,2766
2022484408,4/18/2016,12315,10.06999969,10.06999969,0,3.640000105,0.119999997,6.300000191,0,48,3,311,1078,2770
6775888955,4/18/2016,4631,5.949999809,5.949999809,0,2,0.769999981,3.170000076,0,30,31,146,1233,2798
1644430081,4/18/2016,14890,5.190000057,5.190000057,0,1.070000052,1.669999957,2.450000048,0,15,33,121,1271,2806
7007744171,4/18/2016,3609,10.97999954,9.909999847,4.930550098,3.789999962,2.119999886,5.050000191,0.02,48,31,284,1077,2832
4702921684,4/18/2016,6873,7.380000114,7.380000114,0,1.820000052,1.49000001,4.070000172,0,22,30,191,890,3013
8053475328,4/18/2016,2524,12.65999985,12.65999985,0,9.079999924,0.230000004,3.349999905,0,102,6,195,1137,3133
4388161847,4/18/2016,8206,9.100000381,9.100000381,0,3.559999943,0.400000006,5.139999866,0,27,8,239,1017,3274
5577150313,4/18/2016,6001,7.389999866,7.389999866,0,4.860000134,0.720000029,1.820000052,0,114,32,130,623,3625
8378563200,4/18/2016,1282,10.81000042,10.81000042,2.092147112,5.050000191,0.560000002,5.199999809,0,117,10,174,720,4157
2026352035,4/19/2016,11495,1.5,1.5,0,0,0,1.5,0,0,0,141,785,1356
1844505072,4/19/2016,13658,0.129999995,0.129999995,0,0,0,0.129999995,0,0,0,10,1430,1366
1624580081,4/19/2016,16520,1.899999976,1.899999976,0,0,0,1.899999976,0,0,0,141,1299,1435
3977333714,4/19/2016,9634,8.779999733,8.779999733,0,2.24000001,2.450000048,3.960000038,0,19,67,221,738,1638
8792009665,4/19/2016,0,0,0,0,0,0,0,0,0,0,0,1440,1688
8253242879,4/19/2016,1831,2.779999971,2.779999971,0,0,0,2.779999971,0,0,0,164,1276,1763
2320127002,4/19/2016,10988,4.039999962,4.039999962,0,0,0.379999995,3.660000086,0,0,11,228,1201,1811
6775888955,4/19/2016,4597,0,0,0,0,0,0,0,0,0,0,1440,1841
4558609924,4/19/2016,7275,3.569999933,3.569999933,0,0.050000001,0.360000014,3.160000086,0,1,9,248,1182,1876
4445114986,4/19/2016,7762,1.389999986,1.389999986,0,0,0,1.389999986,0,0,0,121,895,1954
2873212765,4/19/2016,10245,5.369999886,5.369999886,0,0,0,5.360000134,0,0,0,389,1051,1956
4020332650,4/19/2016,9167,0,0,0,0,0,0,0,0,0,0,1440,1980
3372868164,4/19/2016,9930,5.260000229,5.260000229,0,0,0,5.239999771,0.02,0,0,376,1064,1985
1503960366,4/19/2016,22359,9.880000114,9.880000114,0,3.529999971,1.320000052,5.03000021,0,50,31,264,775,2035
6962181067,4/19/2016,4068,7.099999905,7.099999905,0,2.099999905,2.130000114,2.869999886,0,35,41,195,659,2046
1927972279,4/19/2016,12850,0,0,0,0,0,0,0,0,0,0,1440,2063
4319703577,4/19/2016,8614,5.989999771,5.989999771,0,0,0,5.989999771,0,0,0,311,604,2200
5553957443,4/19/2016,6393,10.10999966,10.10999966,0,4.28000021,1.659999967,4.179999828,0,69,28,249,756,2284
2347167796,4/19/2016,10499,4.440000057,4.440000057,0,0,0,4.440000057,0,0,7,382,648,2346
2022484408,4/19/2016,12312,8.529999733,8.529999733,0,3.289999962,0.239999995,5,0,31,7,250,1152,2489
6117666160,4/19/2016,5417,8.409999847,8.409999847,0,0,0,8.409999847,0,0,0,480,425,2606
8583815059,4/19/2016,31,4.440000057,4.440000057,0,0.529999971,0.479999989,3.440000057,0,7,10,166,1257,2668
7007744171,4/19/2016,3588,10.47999954,9.5,4.94214201,4.409999847,0.75999999,5.309999943,0,53,17,304,1066,2812
4702921684,4/19/2016,6831,5.440000057,5.440000057,0,0.879999995,0.370000005,4.190000057,0,10,8,179,757,2812
6290855005,4/19/2016,5077,5.400000095,5.400000095,0,0,0,5.389999866,0.01,0,0,321,1119,2839
7086361926,4/19/2016,3135,7.289999962,7.289999962,0,3.529999971,1.230000019,2.50999999,0,67,69,124,671,2944
4388161847,4/19/2016,8204,7.829999924,7.829999924,0,1.370000005,0.689999998,5.769999981,0,20,16,249,704,3015
8053475328,4/19/2016,2503,12.47999954,12.47999954,0,9.220000267,0.310000002,2.950000048,0,90,7,191,1152,3114
1644430081,4/19/2016,14816,8.180000305,8.180000305,0,0.360000014,2.529999971,5.300000191,0,5,58,278,1099,3300
5577150313,4/19/2016,5997,9.420000076,9.420000076,0,7.019999981,0.639999986,1.75999999,0,108,23,111,733,3501
8877689391,4/19/2016,0,17.39999962,17.39999962,0,12.14999962,0.180000007,5.03000021,0,82,13,214,1131,3676
8378563200,4/19/2016,1251,10.35999966,10.35999966,2.253081083,5.300000191,0.879999995,4.179999828,0,120,19,154,737,4092
1844505072,4/20/2016,13630,0.01,0.01,0,0,0,0.01,0,0,0,1,1439,1349
1624580081,4/20/2016,16433,3.230000019,3.230000019,0,0,0,3.230000019,0,0,0,151,1289,1446
3977333714,4/20/2016,9632,7.829999924,7.829999924,0,0.200000003,4.349999905,3.279999971,0,2,98,164,845,1554
5553957443,4/20/2016,6375,1.769999981,1.769999981,0,0,0,1.769999981,0,0,0,148,598,1570
2026352035,4/20/2016,11459,4.480000019,4.480000019,0,0,0,4.480000019,0,0,0,327,623,1667
1503960366,4/20/2016,22244,6.679999828,6.679999828,0,1.960000038,0.479999989,4.239999771,0,28,12,205,818,1786
4558609924,4/20/2016,7245,3.170000076,3.170000076,0,0,0,3.170000076,0,0,0,222,1218,1788
3372868164,4/20/2016,9919,3.329999924,3.329999924,0,0.839999974,0.090000004,2.380000114,0.02,15,3,274,1148,1867
2320127002,4/20/2016,10946,4.849999905,4.849999905,0,0,0.49000001,4.340000153,0,0,11,283,1146,1922
8253242879,4/20/2016,1807,4.269999981,4.269999981,0,0.330000013,0.819999993,3.109999895,0.01,5,18,216,1201,1931
4445114986,4/20/2016,7753,1.389999986,1.389999986,0,0,0,1.389999986,0,0,0,137,841,1974
4020332650,4/20/2016,9167,0,0,0,0,0,0,0,0,0,0,1440,1980
1927972279,4/20/2016,12848,0,0,0,0,0,0,0,0,0,0,1440,2063
2873212765,4/20/2016,10243,6.300000191,6.300000191,0,1.50999999,0.119999997,4.659999847,0.01,22,5,378,1035,2094
6962181067,4/20/2016,4059,9.550000191,9.550000191,0,4.28000021,0.189999998,5.090000153,0,48,4,297,639,2174
8792009665,4/20/2016,0,2.00999999,2.00999999,0,0,0.280000001,1.74000001,0,0,10,139,744,2188
2347167796,4/20/2016,10465,7.269999981,7.269999981,0,0.680000007,1.809999943,4.78000021,0,11,43,269,1011,2198
4319703577,4/20/2016,8596,6.010000229,6.010000229,0,0,0.680000007,5.309999943,0,0,18,306,671,2220
1644430081,4/20/2016,14810,1.769999981,1.769999981,0,0,0,1.75999999,0.01,0,0,125,1315,2430
6117666160,4/20/2016,5401,8.020000458,8.020000458,0,2.029999971,0.479999989,5.519999981,0,26,10,349,587,2536
8583815059,4/20/2016,29,4.110000134,4.110000134,0,0,1.039999962,3.069999933,0,0,27,167,1246,2647
6290855005,4/20/2016,5057,4.809999943,4.809999943,0,0,0,4.800000191,0.01,0,0,258,1182,2701
2022484408,4/20/2016,12231,10.67000008,10.67000008,0,3.339999914,1.929999948,5.400000095,0,48,63,276,1053,2897
7086361926,4/20/2016,3134,10.64000034,10.64000034,0,7.639999866,0.449999988,2.539999962,0,87,13,145,797,2997
8053475328,4/20/2016,2497,12.18999958,12.18999958,0,9.579999924,0.230000004,2.380000114,0,89,5,158,695,3043
4702921684,4/20/2016,6829,7.130000114,7.130000114,0,0.159999996,1.230000019,5.730000019,0,2,29,260,717,3061
4388161847,4/20/2016,8199,8.119999886,8.119999886,0,1.100000024,1.720000029,5.289999962,0,19,42,228,696,3083
7007744171,4/20/2016,3588,11.31000042,10.40999985,4.924840927,4.789999962,0.670000017,5.860000134,0,60,33,347,1000,3096
5577150313,4/20/2016,5995,6.21999979,6.21999979,0,4.119999886,0.340000004,1.75999999,0,87,16,113,773,3192
8877689391,4/20/2016,0,18.11000061,18.11000061,0,11.02000046,0.689999998,6.340000153,0,73,19,225,1123,3679
6775888955,4/20/2016,4571,7.71999979,7.71999979,0,3.769999981,1.74000001,2.220000029,0,70,113,178,1079,3727
8378563200,4/20/2016,1223,7.440000057,7.440000057,2.092147112,2.230000019,0.439999998,4.78000021,0,82,8,169,763,3787
2026352035,4/21/2016,11451,1.529999971,1.529999971,0,0,0,1.529999971,0,0,0,153,749,1370
3977333714,4/21/2016,9603,4.079999924,4.079999924,0,0,0,4.059999943,0,0,0,242,712,1397
1624580081,4/21/2016,16358,4.130000114,4.130000114,0,0,0,4.110000134,0.02,0,0,186,1254,1467
2320127002,4/21/2016,10930,2.289999962,2.289999962,0,0.059999999,0.419999987,1.809999943,0,1,10,127,1302,1610
8792009665,4/21/2016,0,0.090000004,0.090000004,0,0,0,0.090000004,0,0,0,9,1431,1720
1503960366,4/21/2016,22026,6.340000153,6.340000153,0,1.340000033,0.349999994,4.650000095,0,19,8,211,838,1775
4319703577,4/21/2016,8585,2.480000019,2.480000019,0,0,0,0.349999994,0,0,0,34,1265,1792
6775888955,4/21/2016,4562,0,0,0,0,0,0,0,0,0,0,1440,1841
2873212765,4/21/2016,10232,5.980000019,5.980000019,0,0.129999995,0.370000005,5.46999979,0.01,2,10,371,1057,1970
4020332650,4/21/2016,9148,0,0,0,0,0,0,0,0,0,0,1440,1980
2347167796,4/21/2016,10460,6.75,6.75,0,1.850000024,1.529999971,3.380000114,0,23,26,208,761,2048
6290855005,4/21/2016,5029,0,0,0,0,0,0,0,0,0,0,1440,2060
1844505072,4/21/2016,13585,5.320000172,5.320000172,0,0.119999997,0.519999981,4.679999828,0,2,13,308,1117,2062
1927972279,4/21/2016,12827,0,0,0,0,0,0,0,0,0,0,1440,2064
5553957443,4/21/2016,6361,8.06000042,8.06000042,0,2.950000048,2.160000086,2.960000038,0,47,42,177,801,2066
3372868164,4/21/2016,9899,6.070000172,6.070000172,0,1.149999976,0.25999999,4.639999866,0.01,18,9,376,1037,2124
1644430081,4/21/2016,14727,0.889999986,0.889999986,0,0,0,0.879999995,0.01,0,0,38,1402,2140
4445114986,4/21/2016,7726,2.559999943,2.559999943,0,0,0,2.539999962,0,0,0,215,756,2150
6962181067,4/21/2016,4053,9.710000038,7.880000114,4.081692219,3.99000001,2.099999905,3.50999999,0.109999999,53,27,214,708,2179
8253242879,4/21/2016,1786,8.56000042,8.56000042,0,5.880000114,0.930000007,1.75,0,49,20,172,1199,2218
7086361926,4/21/2016,3121,6.179999828,6.179999828,0,1.360000014,0.300000012,4.510000229,0,19,6,206,758,2463
4558609924,4/21/2016,7243,9.079999924,9.079999924,0,0.419999987,0.970000029,7.699999809,0,6,21,432,844,2486
4702921684,4/21/2016,6815,5.300000191,5.300000191,0,0.310000002,2.049999952,2.940000057,0,4,41,144,901,2729
7007744171,4/21/2016,3587,9.18999958,9.18999958,0,2.150000095,1.870000005,5.170000076,0,30,34,327,1049,2763
8583815059,4/21/2016,17,6.659999847,6.659999847,0,2.630000114,1.019999981,3.00999999,0,35,18,158,1229,2883
4388161847,4/21/2016,8198,7.730000019,7.730000019,0,0.370000005,0.389999986,6.980000019,0,7,12,272,853,3069
8053475328,4/21/2016,2487,12.51000023,12.51000023,0,9.670000076,0.25,2.579999924,0,100,6,170,1164,3103
2022484408,4/21/2016,12209,8.739999771,8.739999771,0,3.329999924,1.110000014,4.309999943,0,104,53,255,1028,3158
8877689391,4/21/2016,0,17.62000084,17.62000084,0,12.28999996,0.419999987,4.889999866,0,82,13,226,1119,3659
5577150313,4/21/2016,5992,8.090000153,8.090000153,0,3.650000095,1.659999967,2.779999971,0,110,74,175,670,4018
8378563200,4/21/2016,1219,12.01000023,12.01000023,2.253081083,6.900000095,0.819999993,4.289999962,0,137,16,145,677,4236
6117666160,4/21/2016,5394,15.01000023,15.01000023,0,0.980000019,0.400000006,5.619999886,0,11,19,294,579,4900
2026352035,4/22/2016,11423,1.809999943,1.809999943,0,0,0,1.809999943,0,0,0,162,712,1399
1624580081,4/22/2016,16208,2.619999886,2.619999886,0,0,0,2.599999905,0,0,0,199,1241,1470
3977333714,4/22/2016,9601,5.960000038,5.960000038,0,2.329999924,0.579999983,3.059999943,0,33,12,188,731,1481
8253242879,4/22/2016,1758,1.870000005,1.870000005,0,0,0,1.870000005,0,0,0,120,1320,1651
3372868164,4/22/2016,9893,2.619999886,2.619999886,0,0,0,2.609999895,0.01,0,0,206,1234,1669
1844505072,4/22/2016,13566,3.549999952,3.549999952,0,0,0,3.549999952,0,0,0,220,1220,1827
1503960366,4/22/2016,21727,8.130000114,8.130000114,0,4.760000229,1.120000005,2.24000001,0,66,27,130,1217,1827
2320127002,4/22/2016,10830,3.75999999,3.75999999,0,0,0,3.75999999,0,0,0,266,1174,1851
4319703577,4/22/2016,8580,3.019999981,3.019999981,0,0.059999999,0.810000002,2.150000095,0,1,19,176,709,1886
6775888955,4/22/2016,4562,0.460000008,0.460000008,0,0,0,0.460000008,0,0,0,20,1420,1922
2347167796,4/22/2016,10449,5.159999847,5.159999847,0,0.560000002,1.679999948,2.920000076,0,9,27,206,781,1946
4020332650,4/22/2016,9143,0,0,0,0,0,0,0,0,0,0,1440,1980
6962181067,4/22/2016,4038,7.090000153,7.090000153,0,1.769999981,1.549999952,3.769999981,0,30,33,240,659,2086
1927972279,4/22/2016,12798,0.100000001,0.100000001,0,0,0,0.100000001,0,0,0,10,1430,2093
4558609924,4/22/2016,7222,6.349999905,6.349999905,0,1.370000005,1.5,3.470000029,0,20,25,273,1122,2094
5553957443,4/22/2016,6349,7.630000114,7.630000114,0,1.379999995,0.629999995,5.599999905,0,25,16,270,781,2105
4702921684,4/22/2016,6805,1.350000024,1.350000024,0,0,0,1.350000024,0,0,0,72,1341,2241
2873212765,4/22/2016,10227,4.900000095,4.900000095,0,0.460000008,0,4.420000076,0.02,46,0,366,1028,2241
1644430081,4/22/2016,14687,2.670000076,2.670000076,0,0,0,2.660000086,0.01,0,0,86,1354,2344
6117666160,4/22/2016,5372,6.199999809,6.199999809,0,0,0,6.199999809,0,0,0,402,413,2409
8792009665,4/22/2016,0,2.599999905,2.599999905,0,0.050000001,0.280000001,2.269999981,0,1,20,195,817,2419
4445114986,4/22/2016,7711,4.579999924,4.579999924,0,0,0,4.579999924,0,0,0,317,706,2432
2022484408,4/22/2016,12207,9.329999924,9.329999924,0,4.429999828,0.419999987,4.46999979,0,52,10,273,1105,2638
8053475328,4/22/2016,2483,8.289999962,8.289999962,0,6.260000229,0.150000006,1.879999995,0,60,3,117,1260,2655
6290855005,4/22/2016,5014,4.71999979,4.71999979,0,0,0,4.71999979,0,0,0,302,1138,2796
7086361926,4/22/2016,3090,6.53000021,6.53000021,0,2.869999886,0.970000029,2.670000076,0,58,59,153,762,2846
7007744171,4/22/2016,3580,10.23999977,10.23999977,0,4.099999905,1.75999999,4.369999886,0,64,50,261,1065,2889
8583815059,4/22/2016,16,6.78000021,6.78000021,0,0.289999992,2.410000086,4.079999924,0,4,54,212,1170,2944
5577150313,4/22/2016,5980,6.849999905,6.849999905,0,2.420000076,0.790000021,3.299999952,0,62,30,200,823,3329
8877689391,4/22/2016,0,16.30999947,16.30999947,0,10.22999954,0.029999999,5.96999979,0.050000001,61,2,236,1141,3427
4388161847,4/22/2016,8168,9.340000153,9.340000153,0,3.299999952,1.110000014,4.920000076,0,77,25,220,945,3544
8378563200,4/22/2016,1202,9.670000076,9.670000076,2.092147112,4.909999847,0.589999974,4.179999828,0,113,12,159,769,4044
1624580081,4/23/2016,16057,5.550000191,5.550000191,0,0,0,5.539999962,0.01,0,0,227,1213,1562
3977333714,4/23/2016,9592,8.069999695,8.069999695,0,0,4.21999979,3.849999905,0,0,92,252,724,1638
1844505072,4/23/2016,13559,2.359999895,2.359999895,0,0,0,2.359999895,0,0,0,139,1301,1645
5553957443,4/23/2016,6339,2.690000057,2.690000057,0,0,0,2.680000067,0,0,0,272,443,1776
2320127002,4/23/2016,10818,3.420000076,3.420000076,0,0,0,3.420000076,0,0,0,242,1129,1804
6775888955,4/23/2016,4561,0,0,0,0,0,0,0,0,0,0,1440,1841
2026352035,4/23/2016,11423,7.710000038,7.710000038,0,0,0,7.710000038,0,0,0,432,458,1916
4319703577,4/23/2016,8567,3.309999943,3.309999943,0,0,0,3.309999943,0,0,0,233,546,1945
1503960366,4/23/2016,21420,9.039999962,9.039999962,0,2.809999943,0.870000005,5.360000134,0,41,21,262,732,1949
7086361926,4/23/2016,3077,1.809999943,1.809999943,0,0,0,1.799999952,0,0,0,90,1350,1965
4020332650,4/23/2016,9135,0,0,0,0,0,0,0,0,0,0,1440,1980
3372868164,4/23/2016,9877,5.070000172,5.070000172,0,1.399999976,0.079999998,3.579999924,0,20,2,303,1115,1995
2873212765,4/23/2016,10218,6.349999905,6.349999905,0,2.089999914,0.230000004,4.019999981,0.01,28,5,330,1077,2021
2022484408,4/23/2016,12200,4.210000038,4.210000038,0,0,0,4.210000038,0,0,0,249,1191,2069
4558609924,4/23/2016,7213,4.550000191,4.550000191,0,0.340000004,0.200000003,4.010000229,0,5,5,308,1122,2085
8253242879,4/23/2016,1732,6.260000229,6.260000229,0,2.089999914,1.039999962,3.130000114,0,30,26,191,1193,2132
4445114986,4/23/2016,7706,2.930000067,2.930000067,0,0,0,2.930000067,0,0,0,201,1239,2149
7007744171,4/23/2016,3570,5.409999847,5.409999847,0,0.129999995,1.129999995,4.150000095,0,2,25,223,1190,2284
1927972279,4/23/2016,12770,2.039999962,2.039999962,0,0,0,2.039999962,0,0,0,145,1295,2499
6962181067,4/23/2016,4026,13.23999977,13.23999977,0,4.199999809,2,7.039999962,0,58,41,347,484,2571
2347167796,4/23/2016,10433,11.36999989,11.36999989,0,2.779999971,1.450000048,7.150000095,0,32,35,360,591,2629
6117666160,4/23/2016,5370,8.680000305,8.680000305,0,0,0,8.680000305,0,0,0,512,468,2651
6290855005,4/23/2016,5002,0,0,0,0,0,0,0,33,0,0,1407,2664
1644430081,4/23/2016,14673,4.829999924,4.829999924,0,0,0.579999983,4.25,0,0,15,160,1265,2677
8792009665,4/23/2016,0,3.359999895,3.359999895,0,0.159999996,0.439999998,2.75,0,8,45,232,795,2748
8378563200,4/23/2016,1201,4.53000021,4.53000021,0,1.519999981,0.519999981,2.480000019,0,19,10,136,740,2908
8583815059,4/23/2016,9,7.349999905,7.349999905,0,0.529999971,2.029999971,4.75,0,7,44,238,1151,3012
5577150313,4/23/2016,5974,5.710000038,5.710000038,0,1.210000038,0.360000014,4.139999866,0,24,24,223,627,3152
4388161847,4/23/2016,8163,10.18000031,10.18000031,0,4.5,0.319999993,5.349999905,0,58,5,215,749,3306
8053475328,4/23/2016,2470,17.19000053,17.19000053,0,12.53999996,0.629999995,4.019999981,0,125,14,223,741,3554
4702921684,4/23/2016,6799,12.27000046,12.27000046,0,0.75999999,3.24000001,8.270000458,0,9,66,408,469,3691
8877689391,4/23/2016,0,7.429999828,7.429999828,0,0,0,7.400000095,0.01,102,6,300,1032,3891
1844505072,4/24/2016,13541,0,0,0,0,0,0,0,0,0,0,1440,1347
2026352035,4/24/2016,11419,2.160000086,2.160000086,0,0,0,2.160000086,0,0,0,164,704,1401
5553957443,4/24/2016,6326,1.179999948,1.179999948,0,0,0,1.179999948,0,0,0,104,582,1507
1624580081,4/24/2016,15929,3.950000048,3.950000048,0,1.149999976,0.910000026,1.889999986,0,16,18,185,1221,1617
3977333714,4/24/2016,9572,10,10,0,3.269999981,4.559999943,2.170000076,0,30,95,129,660,1655
6962181067,4/24/2016,4014,3.319999933,3.319999933,0,0,0,3.319999933,0,0,0,199,720,1705
2320127002,4/24/2016,10817,2.809999943,2.809999943,0,0,0,2.799999952,0,0,0,204,1236,1725
1503960366,4/24/2016,21129,6.409999847,6.409999847,0,2.920000076,0.209999993,3.279999971,0,39,5,238,709,1788
8792009665,4/24/2016,0,0.25999999,0.25999999,0,0.039999999,0.050000001,0.159999996,0,3,8,19,1410,1799
4319703577,4/24/2016,8564,2.74000001,2.74000001,0,0.059999999,0.200000003,2.470000029,0,1,5,191,692,1880
2873212765,4/24/2016,10210,4.679999828,4.679999828,0,3,0.059999999,1.620000005,0,46,1,190,1203,1898
3372868164,4/24/2016,9841,4.590000153,4.590000153,0,0.889999986,0.189999998,3.49000001,0.02,14,7,292,1127,1921
8253242879,4/24/2016,1727,7.130000114,7.130000114,0,5.599999905,0.189999998,1.340000033,0,41,4,82,1313,1976
4020332650,4/24/2016,9129,0,0,0,0,0,0,0,0,0,0,1440,1980
7086361926,4/24/2016,3032,2.160000086,2.160000086,0,0,0,2.150000095,0,0,0,125,566,2049
6775888955,4/24/2016,4556,1.539999962,1.539999962,0,0.769999981,0.620000005,0.150000006,0,11,18,11,1400,2053
4558609924,4/24/2016,7198,5.659999847,5.659999847,0,0,0,5.650000095,0,0,0,395,1045,2173
2347167796,4/24/2016,10429,6.260000229,6.260000229,0,0,0,6.260000229,0,0,0,360,584,2187
4445114986,4/24/2016,7671,3.359999895,3.359999895,0,0,0,3.359999895,0,0,0,244,1196,2247
6117666160,4/24/2016,5325,5.760000229,5.760000229,0,0,0,5.760000229,0,0,0,362,711,2305
1927972279,4/24/2016,12764,1.450000048,1.450000048,0,0.07,0.239999995,1.139999986,0,1,6,75,1358,2324
1644430081,4/24/2016,14581,2.410000086,2.410000086,0,0,0,2.410000086,0,0,0,89,1351,2413
2022484408,4/24/2016,12183,10.27999973,10.27999973,0,4.550000191,1.149999976,4.579999924,0,37,26,216,1161,2529
7007744171,4/24/2016,3520,7.420000076,7.420000076,0,0,0,7.420000076,0,0,0,419,1021,2667
6290855005,4/24/2016,4998,4.460000038,4.460000038,0,0,0,4.460000038,0,0,0,258,1182,2703
8378563200,4/24/2016,1170,2.940000057,2.940000057,0,0,0,2.940000057,0,0,0,135,734,2741
4388161847,4/24/2016,8161,7.880000114,7.880000114,0,1.080000043,0.50999999,6.300000191,0,14,8,239,584,2885
8583815059,4/24/2016,8,6.460000038,6.460000038,0,0.150000006,2.049999952,4.269999981,0,2,44,206,1188,2889
8877689391,4/24/2016,0,15.73999977,15.73999977,0,11.01000023,0.01,4.690000057,0,64,1,227,1148,3455
4702921684,4/24/2016,6798,12.22000027,12.22000027,0,1.200000048,5.119999886,5.880000114,0,15,95,281,542,3538
8053475328,4/24/2016,2467,17.95000076,17.95000076,0,13.13000011,1.549999952,3.25999999,0,129,33,182,1096,3577
5577150313,4/24/2016,5933,11.77999973,11.77999973,0,7.650000095,2.150000095,1.980000019,0,210,65,141,425,4392
1844505072,4/25/2016,13481,0,0,0,0,0,0,0,0,0,0,1440,1347
1624580081,4/25/2016,15764,4.21999979,4.21999979,0,0,0,4.199999809,0.02,0,0,202,1238,1492
6117666160,4/25/2016,5319,0,0,0,0,0,0,0,0,0,0,1440,1497
3977333714,4/25/2016,9557,8.479999542,8.479999542,0,5.619999886,0.430000007,2.410000086,0,50,9,133,781,1570
2026352035,4/25/2016,11404,3.730000019,3.730000019,0,0,0,3.730000019,0,0,0,260,821,1576
2320127002,4/25/2016,10780,2.420000076,2.420000076,0,0.230000004,0.200000003,1.99000001,0,3,5,152,1280,1654
8792009665,4/25/2016,0,0,0,0,0,0,0,0,0,0,0,1440,1688
2873212765,4/25/2016,10204,4.949999809,4.949999809,0,0,0,4.949999809,0,0,0,359,1081,1907
8253242879,4/25/2016,1715,4.510000229,4.510000229,0,0.360000014,2.390000105,1.769999981,0,7,54,118,1261,1909
4020332650,4/25/2016,9123,0,0,0,0,0,0,0,0,0,0,1440,1980
3372868164,4/25/2016,9837,4.090000153,4.090000153,0,0,0,4.090000153,0,0,0,416,1024,2010
1503960366,4/25/2016,20669,9.800000191,9.800000191,0,5.289999962,0.569999993,3.940000057,0,73,14,216,814,2013
5553957443,4/25/2016,6307,7.190000057,7.190000057,0,2.930000067,0.569999993,3.690000057,0,51,11,201,732,2033
4445114986,4/25/2016,7641,2.269999981,2.269999981,0,0,0,2.269999981,0,0,0,179,916,2070
2347167796,4/25/2016,10415,6.380000114,6.380000114,0,1.269999981,0.519999981,4.599999905,0,15,11,277,653,2095
1927972279,4/25/2016,12764,0.109999999,0.109999999,0,0,0,0.109999999,0,0,0,12,1303,2100
6962181067,4/25/2016,3984,9.270000458,9.079999924,2.785175085,3.019999981,1.679999948,4.460000038,0.100000001,35,31,282,637,2194
4558609924,4/25/2016,7193,5.349999905,5.349999905,0,0.589999974,0.25,4.510000229,0,18,10,340,993,2225
4319703577,4/25/2016,8563,6.210000038,6.210000038,0,0,0.280000001,5.929999828,0,0,8,390,544,2314
2022484408,4/25/2016,12167,8.010000229,8.010000229,0,3.329999924,0.219999999,4.460000038,0,44,8,217,1171,2470
6775888955,4/25/2016,4525,4.639999866,4.639999866,0,2.269999981,0.460000008,1.899999976,0,33,13,92,1302,2484
1644430081,4/25/2016,14560,2.599999905,2.599999905,0,0.589999974,0.059999999,1.950000048,0,8,1,94,1337,2497
8583815059,4/25/2016,4,3.50999999,3.50999999,0,1.470000029,0.239999995,1.809999943,0,18,6,122,1294,2547
7086361926,4/25/2016,3008,6.820000172,6.820000172,0,3.75,0.699999988,2.369999886,0,69,39,129,706,2752
6290855005,4/25/2016,4993,5.900000095,5.900000095,0,0.680000007,0.180000007,5.03000021,0.01,8,3,249,1180,2771
7007744171,4/25/2016,3516,13.34000015,12.19999981,4.861792088,4.309999943,1.370000005,7.670000076,0,51,24,379,986,3055
4702921684,4/25/2016,6781,7.429999828,7.429999828,0,0.49000001,0.819999993,6.110000134,0,6,15,270,730,3064
4388161847,4/25/2016,8135,9.970000267,9.970000267,0,0.730000019,1.399999976,7.840000153,0,11,31,301,1054,3288
5577150313,4/25/2016,5908,4.78000021,4.78000021,0,1.350000024,0.670000017,2.75999999,0,61,38,214,743,3374
8053475328,4/25/2016,2436,15.68999958,15.68999958,0,11.36999989,0.460000008,3.859999895,0,118,9,209,1104,3403
8877689391,4/25/2016,0,8.739999771,8.739999771,0,2.369999886,0.07,6.269999981,0.01,113,8,218,1101,3802
8378563200,4/25/2016,980,9.840000153,9.840000153,2.092147112,5.050000191,0.870000005,3.920000076,0,117,16,141,692,4005
1844505072,4/26/2016,13459,0,0,0,0,0,0,0,0,0,0,1440,1347
1624580081,4/26/2016,15566,1.840000033,1.840000033,0,0,0,1.830000043,0.01,0,0,140,1300,1402
3977333714,4/26/2016,9543,7.619999886,7.619999886,0,0.449999988,4.21999979,2.950000048,0,7,95,170,797,1551
2026352035,4/26/2016,11393,3.680000067,3.680000067,0,0,0,3.680000067,0,0,0,288,1018,1595
2320127002,4/26/2016,10771,2.299999952,2.299999952,0,0,0,2.299999952,0,0,0,147,1293,1632
8253242879,4/26/2016,1675,3.039999962,3.039999962,0,1.179999948,0.49000001,1.370000005,0,19,14,108,1299,1813
2347167796,4/26/2016,10414,3.950000048,3.950000048,0,0,0,3.950000048,0,0,0,227,732,1861
2873212765,4/26/2016,10201,5.539999962,5.539999962,0,0.119999997,0.180000007,5.239999771,0,2,5,309,1124,1882
8792009665,4/26/2016,0,0.850000024,0.850000024,0,0,0,0.850000024,0,0,0,80,1360,1928
1503960366,4/26/2016,20500,8.789999962,8.789999962,0,2.329999924,0.920000017,5.539999962,0,31,23,279,833,1970
4020332650,4/26/2016,9117,0,0,0,0,0,0,0,0,0,0,1440,1980
6962181067,4/26/2016,3974,6.900000095,6.900000095,0,2.579999924,0.419999987,3.900000095,0,36,7,254,680,2012
3372868164,4/26/2016,9827,5.789999962,5.789999962,0,1.850000024,0.050000001,3.869999886,0.01,22,2,333,1083,2057
6290855005,4/26/2016,4978,0,0,0,0,0,0,0,0,0,0,1440,2060
5553957443,4/26/2016,6277,7.760000229,7.760000229,0,2.369999886,0.930000007,4.460000038,0,40,18,238,750,2093
4558609924,4/26/2016,7192,6.050000191,6.050000191,0,0.430000007,2.029999971,3.589999914,0,12,41,283,1062,2223
4319703577,4/26/2016,8539,6.639999866,6.639999866,0,0.569999993,0.920000017,5.150000095,0,8,21,288,649,2236
4445114986,4/26/2016,7638,4.409999847,4.409999847,0,2.410000086,0.039999999,1.960000038,0,29,1,180,839,2291
6117666160,4/26/2016,5275,7.210000038,7.210000038,0,0,0.340000004,6.869999886,0,0,7,352,1077,2450
6775888955,4/26/2016,4514,5.269999981,5.269999981,1.959596038,3.480000019,0.870000005,0.730000019,0,42,30,47,1321,2584
1927972279,4/26/2016,12727,2.599999905,2.599999905,0,0,0,2.599999905,0,0,0,192,1058,2638
7086361926,4/26/2016,2997,7.070000172,7.070000172,0,4.159999847,0.769999981,2.119999886,0,70,33,132,726,2781
4702921684,4/26/2016,6744,4.949999809,4.949999809,0,0.07,0.349999994,4.539999962,0,1,8,216,765,2784
2022484408,4/26/2016,12159,7.190000057,7.190000057,0,1.429999948,0.660000026,5.110000134,0,55,24,275,1086,2793
8053475328,4/26/2016,2424,9.619999886,9.619999886,0,6.309999943,0.200000003,3.099999905,0,68,5,185,1182,2846
8877689391,4/26/2016,0,8.430000305,8.430000305,0,1.75999999,0.129999995,6.5,0,22,3,258,1157,2860
4388161847,4/26/2016,8095,7.28000021,7.28000021,0,0.939999998,1.059999943,5.269999981,0,14,23,224,673,2929
7007744171,4/26/2016,3490,10.10000038,10.10000038,0,0.930000007,0.939999998,8.229999542,0,16,22,424,978,2939
5577150313,4/26/2016,5896,3.980000019,3.980000019,0,0.850000024,0.649999976,2.470000029,0,38,32,181,759,3088
8583815059,4/26/2016,0,8.18999958,8.18999958,0,0.07,4.21999979,3.890000105,0,1,91,214,1134,3093
1644430081,4/26/2016,14549,7.210000038,7.210000038,0,0.800000012,1.720000029,4.690000057,0,11,41,223,1165,3123
8378563200,4/26/2016,924,12.85000038,12.85000038,0,7.510000229,0.920000017,4.420000076,0,90,18,161,593,3763
1844505072,4/27/2016,13422,0,0,0,0,0,0,0,0,0,1,1439,1348
3977333714,4/27/2016,9524,5.039999962,5.039999962,0,0,0.419999987,4.619999886,0,0,10,176,714,1377
2320127002,4/27/2016,10762,1.159999967,1.159999967,0,0,0,1.159999967,0,0,0,82,1358,1481
2026352035,4/27/2016,11388,3.769999981,3.769999981,0,0,0,3.769999981,0,0,0,286,586,1593
1624580081,4/27/2016,15506,5.440000057,5.440000057,0,1.110000014,1.870000005,2.460000038,0,17,36,154,1233,1670
6775888955,4/27/2016,4512,0,0,0,0,0,0,0,0,0,0,1440,1841
5553957443,4/27/2016,6260,6.880000114,6.880000114,0,1.139999986,1,4.739999771,0,16,16,206,745,1922
2873212765,4/27/2016,10199,2.359999895,2.359999895,0,0,0,2.359999895,0,46,0,197,1197,1966
4020332650,4/27/2016,9108,0,0,0,0,0,0,0,0,0,0,1440,1980
8253242879,4/27/2016,1664,8.180000305,8.180000305,0,6.239999771,0.230000004,1.700000048,0,45,5,104,1286,2008
6962181067,4/27/2016,3973,6.820000172,6.820000172,0,0.550000012,2.019999981,4.25,0,7,38,279,697,2034
1927972279,4/27/2016,12692,0,0,0,0,0,0,0,0,0,0,1440,2063
8792009665,4/27/2016,0,1.129999995,1.129999995,0,0,0,1.129999995,0,0,0,112,900,2067
3372868164,4/27/2016,9819,5.420000076,5.420000076,0,1.580000043,0.629999995,3.190000057,0.01,24,13,346,1057,2095
4558609924,4/27/2016,7174,6.320000172,6.320000172,0,1.960000038,0.889999986,3.460000038,0,27,14,312,1087,2098
1503960366,4/27/2016,20226,12.21000004,12.21000004,0,6.400000095,0.409999996,5.409999847,0,78,11,243,1108,2159
2347167796,4/27/2016,10387,7.579999924,7.579999924,0,1.860000014,0.400000006,5.320000172,0,26,9,295,623,2194
4319703577,4/27/2016,8538,7.230000019,7.230000019,0,0.409999996,1.919999957,4.909999847,0,6,47,300,680,2324
4445114986,4/27/2016,7626,5.03000021,5.03000021,0,2.619999886,0.029999999,2.380000114,0,32,1,194,839,2361
2022484408,4/27/2016,12139,7.130000114,7.130000114,0,1.039999962,0.970000029,5.119999886,0,19,20,282,1119,2463
1644430081,4/27/2016,14510,2.200000048,2.200000048,0,0,0,2.200000048,0,0,0,118,1322,2489
6117666160,4/27/2016,5273,7.110000134,7.110000134,0,0,0,7.110000134,0,0,0,458,417,2576
7086361926,4/27/2016,2971,8.340000153,8.340000153,0,5.630000114,0.180000007,2.529999971,0,55,6,145,829,2693
6290855005,4/27/2016,4974,4.210000038,4.210000038,0,0,0,4.179999828,0.029999999,0,0,287,1153,2743
7007744171,4/27/2016,3430,10.22000027,9.06000042,4.885604858,4.269999981,0.660000026,5.289999962,0,50,12,337,1041,2830
8053475328,4/27/2016,2421,9.819999695,9.819999695,0,6.460000038,0.430000007,2.930000067,0,60,10,183,1187,2852
4702921684,4/27/2016,6731,5.71999979,5.71999979,0,0.090000004,0.800000012,4.78000021,0,1,16,238,733,2908
8378563200,4/27/2016,838,5.840000153,5.840000153,0,0.330000013,0.180000007,5.329999924,0,4,4,192,676,3061
4388161847,4/27/2016,8093,8.609999657,8.609999657,0,0.699999988,2.50999999,5.389999866,0,11,48,241,684,3074
8583815059,4/27/2016,0,9.729999542,9.729999542,0,6.599999905,0.270000011,2.869999886,0,77,5,129,1229,3142
5577150313,4/27/2016,5862,5.139999866,5.139999866,0,1.809999943,0.400000006,2.930000067,0,63,16,190,773,3294
8877689391,4/27/2016,0,20.64999962,20.64999962,0,13.06999969,0.439999998,7.099999905,0,93,8,235,1104,3808
1624580081,4/28/2016,15484,1.789999962,1.789999962,0,0,0.200000003,1.600000024,0,0,5,115,1320,1401
3977333714,4/28/2016,9501,4.880000114,4.880000114,0,1.370000005,0.289999992,3.220000029,0,15,8,190,804,1407
2320127002,4/28/2016,10742,1.029999971,1.029999971,0,0,0,1.029999971,0,0,0,76,1364,1473
8253242879,4/28/2016,1619,1.799999952,1.799999952,0,0.670000017,0.779999971,0.340000004,0,11,16,20,1393,1580
2026352035,4/28/2016,11369,3.950000048,3.950000048,0,0,0,3.950000048,0,0,0,331,626,1649
2873212765,4/28/2016,10181,5.409999847,5.409999847,0,2.160000086,0.340000004,2.910000086,0,28,7,213,1192,1835
2347167796,4/28/2016,10379,3.599999905,3.599999905,0,0,0,3.599999905,0,0,0,229,764,1854
6117666160,4/28/2016,5273,2.599999905,2.599999905,0,0,0,2.599999905,0,0,0,141,758,1879
1503960366,4/28/2016,20159,8.529999733,8.529999733,0,3.539999962,1.159999967,3.789999962,0,48,28,189,782,1898
3372868164,4/28/2016,9810,3.75999999,3.75999999,0,0,0,3.75999999,0,0,0,385,1055,1972
4020332650,4/28/2016,9107,0,0,0,0,0,0,0,0,0,0,1440,1980
1844505072,4/28/2016,13379,4.570000172,4.570000172,0,0,0,4.559999943,0,0,0,302,1138,1992
6775888955,4/28/2016,4503,0.5,0.5,0,0.059999999,0.200000003,0.239999995,0,2,13,15,1410,1993
5553957443,4/28/2016,6238,7.630000114,7.630000114,0,3.710000038,0.75,3.170000076,0,49,13,165,727,1999
6962181067,4/28/2016,3945,8.350000381,8.350000381,0,2.50999999,0.239999995,5.590000153,0,38,8,288,621,2182
4558609924,4/28/2016,7155,6.25,6.25,0,0.02,0.270000011,5.949999809,0,1,11,367,985,2185
4445114986,4/28/2016,7623,3.00999999,3.00999999,0,0,0,3.00999999,0,0,0,236,762,2203
2022484408,4/28/2016,12109,7.119999886,7.119999886,0,0.409999996,1.330000043,5.389999866,0,6,20,291,1123,2296
1927972279,4/28/2016,12685,1.159999967,1.159999967,0,0,0,1.159999967,0,0,0,95,1167,2351
4319703577,4/28/2016,8538,7.28000021,7.28000021,0,1.00999999,0.330000013,5.940000057,0,13,8,359,552,2367
6290855005,4/28/2016,4950,4.329999924,4.329999924,0,0,0,4.329999924,0,0,0,255,1185,2687
8583815059,4/28/2016,0,4.820000172,4.820000172,0,0,1.200000048,3.609999895,0,0,28,203,1209,2757
8792009665,4/28/2016,0,3.940000057,3.940000057,0,0,0,3.940000057,0,0,0,310,714,2780
7007744171,4/28/2016,3428,10.11999989,10.11999989,0,1.090000033,0.769999981,8.260000229,0,16,16,401,1007,2836
7086361926,4/28/2016,2969,7.800000191,7.800000191,0,2.789999962,1.639999986,3.359999895,0,54,48,161,810,2862
8378563200,4/28/2016,772,4.300000191,4.300000191,0,0.899999976,0.49000001,2.910000086,0,11,10,139,711,2884
4388161847,4/28/2016,8064,7.75,7.75,0,1.289999962,0.430000007,6.03000021,0,19,9,234,878,2969
4702921684,4/28/2016,6724,7.320000172,7.320000172,0,1.129999995,0.419999987,5.769999981,0,14,9,232,738,3033
8877689391,4/28/2016,0,11.30000019,11.30000019,0,4.929999828,0.379999995,5.96999979,0,58,8,231,1143,3060
8053475328,4/28/2016,2390,12.39999962,12.39999962,0,9.670000076,0.389999986,2.349999905,0,90,9,153,1188,3062
1644430081,4/28/2016,14461,6.840000153,6.840000153,0,0.200000003,2.319999933,4.309999943,0,3,53,227,1157,3108
5577150313,4/28/2016,5843,7.429999828,7.429999828,0,3.25,1.169999957,3.00999999,0,99,51,141,692,3580
2347167796,4/29/2016,10378,0.029999999,0.029999999,0,0,0,0.029999999,0,0,0,4,2,403
1624580081,4/29/2016,15482,1.549999952,1.549999952,0,0,0,1.549999952,0,0,0,150,1290,1404
2320127002,4/29/2016,10735,0.620000005,0.620000005,0,0,0,0.620000005,0,0,0,45,1395,1410
3977333714,4/29/2016,9487,7.75,7.75,0,3.74000001,1.299999952,2.710000038,0,36,32,150,744,1545
2026352035,4/29/2016,11317,4.710000038,4.710000038,0,0,0,4.710000038,0,0,0,352,492,1692
2873212765,4/29/2016,10159,4.949999809,4.949999809,0,1.360000014,1.409999967,2.180000067,0,20,23,206,1191,1780
1503960366,4/29/2016,20067,7.150000095,7.150000095,0,1.059999943,0.5,5.579999924,0,16,12,243,815,1837
6775888955,4/29/2016,4500,0,0,0,0,0,0,0,0,0,0,1440,1841
8253242879,4/29/2016,1551,4.260000229,4.260000229,0,1.289999962,0.540000021,2.400000095,0,16,14,136,1257,1854
1844505072,4/29/2016,13372,3.25,3.25,0,0,0,3.25,0,0,0,247,1082,1856
4558609924,4/29/2016,7150,5.179999828,5.179999828,0,1.019999981,1.850000024,2.309999943,0,15,29,197,1096,1918
4020332650,4/29/2016,9105,0,0,0,0,0,0,0,0,0,0,1440,1980
3372868164,4/29/2016,9799,6.230000019,6.230000019,0,0,0,6.21999979,0.01,0,0,402,1038,2044
6290855005,4/29/2016,4940,0,0,0,0,0,0,0,0,0,0,1440,2060
1927972279,4/29/2016,12669,0,0,0,0,0,0,0,0,0,0,1440,2063
5553957443,4/29/2016,6227,8.329999924,8.329999924,0,2.789999962,0.639999986,4.909999847,0,46,15,270,709,2169
4319703577,4/29/2016,8482,5.360000134,5.360000134,0,0.449999988,0.790000021,4.119999886,0,6,18,289,624,2175
4445114986,4/29/2016,7618,3.140000105,3.140000105,0,0,0,3.130000114,0,0,0,226,1106,2196
6962181067,4/29/2016,3915,7.110000134,7.110000134,0,0.819999993,0.479999989,5.809999943,0,12,15,369,645,2254
1644430081,4/29/2016,14450,2.309999943,2.309999943,0,0,0,2.309999943,0,0,0,120,1193,2498
6117666160,4/29/2016,5267,7.239999771,7.239999771,0,0,0,7.239999771,0,0,0,461,479,2560
2022484408,4/29/2016,12087,7.190000057,7.190000057,0,0.479999989,1.210000038,5.5,0,21,40,281,1098,2611
7086361926,4/29/2016,2961,4.949999809,4.949999809,0,0.49000001,0.449999988,4,0,24,36,182,1198,2616
8877689391,4/29/2016,0,7.389999866,7.389999866,0,1.379999995,0.170000002,5.789999962,0,18,5,210,1207,2698
8053475328,4/29/2016,2309,9.649999619,9.649999619,0,6.170000076,0.310000002,3.170000076,0,58,8,159,1215,2794
4388161847,4/29/2016,8059,7.099999905,7.099999905,0,0.800000012,0.889999986,5.420000076,0,13,16,236,1175,2979
8378563200,4/29/2016,768,4.900000095,4.900000095,0,0.25,0.360000014,4.269999981,0,3,7,172,767,2982
8792009665,4/29/2016,0,5.349999905,5.349999905,0,0.140000001,0.280000001,4.929999828,0,6,14,380,634,3101
4702921684,4/29/2016,6722,8.050000191,8.050000191,0,1.059999943,0.920000017,6.070000172,0,12,19,267,692,3165
7007744171,4/29/2016,3427,14.30000019,13.42000008,4.911146164,4.309999943,2.049999952,7.949999809,0,55,42,382,961,3180
8583815059,4/29/2016,0,11.82999992,11.82999992,0,3.900000095,3,4.920000076,0,46,67,258,1069,3513
5577150313,4/29/2016,5832,5.920000076,5.920000076,0,2.839999914,0.610000014,2.470000029,0,97,36,165,739,3544
8253242879,4/30/2016,1532,0,0,0,0,0,0,0,0,0,0,1440,0
5553957443,4/30/2016,6222,0.779999971,0.779999971,0,0,0,0.779999971,0,0,0,84,506,1463
2026352035,4/30/2016,11268,2.930000067,2.930000067,0,0,0,2.930000067,0,0,0,233,594,1506
3977333714,4/30/2016,9482,9.199999809,9.199999809,0,3.690000057,2.099999905,3.410000086,0,43,52,194,687,1650
1624580081,4/30/2016,15448,4.300000191,4.300000191,0,0.899999976,1.279999971,2.119999886,0.01,11,23,224,1182,1655
1844505072,4/30/2016,13368,2.670000076,2.670000076,0,0,0,2.650000095,0,0,0,184,218,1763
2320127002,4/30/2016,10733,3.079999924,3.079999924,0,0,0,3.069999933,0,0,0,234,1206,1779
2873212765,4/30/2016,10147,5.679999828,5.679999828,0,0.330000013,1.080000043,4.260000229,0.01,5,20,248,1167,1830
3372868164,4/30/2016,9787,3.579999924,3.579999924,0,1.059999943,0.090000004,2.420000076,0.01,17,4,300,1119,1946
1503960366,4/30/2016,20031,9.25,9.25,0,3.559999943,1.419999957,4.269999981,0,52,34,217,712,1947
4020332650,4/30/2016,9105,0,0,0,0,0,0,0,0,0,0,1440,1980
6962181067,4/30/2016,3864,6.659999847,6.659999847,0,2.24000001,0.75999999,3.670000076,0,32,16,237,731,2002
7007744171,4/30/2016,3421,2.519999981,2.519999981,0,0,0,2.519999981,0,0,0,200,1240,2051
1927972279,4/30/2016,12627,0,0,0,0,0,0,0,0,0,0,1440,2064
4319703577,4/30/2016,8469,5.519999981,5.519999981,0,0.400000006,1.610000014,3.50999999,0,6,38,196,695,2092
4558609924,4/30/2016,7142,6.820000172,6.820000172,0,0.469999999,1.889999986,4.460000038,0,7,29,293,1111,2105
6117666160,4/30/2016,5263,5.28000021,5.28000021,0,0,0,5.28000021,0,0,0,343,1040,2275
6775888955,4/30/2016,4496,1.789999962,1.789999962,0,0.159999996,0.159999996,1.480000019,0,3,9,84,1344,2280
4445114986,4/30/2016,7604,4.179999828,4.179999828,0,0,0,4.179999828,0,0,0,290,797,2363
8053475328,4/30/2016,2283,5.590000153,5.590000153,0,2.99000001,0.059999999,2.539999962,0,27,1,131,1281,2408
8378563200,4/30/2016,746,2.339999914,2.339999914,0,0,0,2.339999914,0,0,0,121,780,2660
2022484408,4/30/2016,12058,12.90999985,12.90999985,0,0.939999998,1.399999976,10.56999969,0,13,23,361,1043,2732
6290855005,4/30/2016,4935,5.099999905,5.099999905,0,0,0,5.090000153,0.01,0,0,324,1116,2843
8792009665,4/30/2016,0,4.590000153,4.590000153,0,0.330000013,0.360000014,3.910000086,0,10,20,301,749,2896
7086361926,4/30/2016,2946,9.409999847,9.409999847,0,3.119999886,1.039999962,5.239999771,0,42,17,308,584,2995
4702921684,4/30/2016,6711,8.229999542,8.229999542,0,0.319999993,2.029999971,5.880000114,0,4,36,263,728,3115
8583815059,4/30/2016,0,7.869999886,7.869999886,0,0.150000006,1.279999971,6.429999828,0,2,28,317,1093,3164
4388161847,4/30/2016,8054,9.640000343,9.640000343,0,0.699999988,2,6.940000057,0,14,43,300,537,3283
1644430081,4/30/2016,14433,13.23999977,13.23999977,0,0.629999995,3.140000105,9.460000038,0,9,71,402,816,3846
8877689391,4/30/2016,0,26.71999931,26.71999931,0,21.65999985,0.079999998,4.929999828,0,124,4,223,1089,4398
5577150313,4/30/2016,5813,9.239999771,9.239999771,0,5.829999924,0.790000021,2.609999895,0,207,45,163,621,4501
3372868164,5/1/2016,9769,2.099999905,2.099999905,0,0,0,2.089999914,0,0,0,172,842,1237
2320127002,5/1/2016,10725,0.519999981,0.519999981,0,0,0,0.519999981,0,0,0,40,1400,1403
2026352035,5/1/2016,11256,2.279999971,2.279999971,0,0,0,2.279999971,0,0,0,191,716,1447
3977333714,5/1/2016,9471,7.070000172,7.070000172,0,2.670000076,1.980000019,2.410000086,0,41,40,124,691,1501
1844505072,5/1/2016,13318,1.700000048,1.700000048,0,0,0.25999999,1.450000048,0,0,7,75,585,1541
4319703577,5/1/2016,8452,0.839999974,0.839999974,0,0,0,0.839999974,0,0,0,67,836,1593
4558609924,5/1/2016,7142,2.269999981,2.269999981,0,0,0,2.269999981,0,0,0,190,1121,1692
2873212765,5/1/2016,10145,4.96999979,4.96999979,0,0.49000001,1.039999962,3.440000057,0,7,18,196,1219,1739
6962181067,5/1/2016,3844,3.609999895,3.609999895,0,0,0,3.609999895,0,0,0,215,722,1740
5553957443,5/1/2016,6198,3.369999886,3.369999886,0,0,0,3.369999886,0,0,0,237,436,1747
1503960366,5/1/2016,19948,6.809999943,6.809999943,0,2.289999962,1.600000024,2.920000076,0,33,35,246,730,1820
8053475328,5/1/2016,2276,0.850000024,0.850000024,0,0,0,0.850000024,0,0,0,51,1389,1886
8792009665,5/1/2016,0,1.039999962,1.039999962,0,0,0,1.039999962,0,0,0,79,834,1962
4020332650,5/1/2016,9033,0,0,0,0,0,0,0,0,0,0,1440,1980
4702921684,5/1/2016,6708,0,0,0,0,0,0,0,0,0,0,1440,2017
7007744171,5/1/2016,3414,3.75,3.75,0,0,0,3.75,0,0,0,237,1142,2225
4445114986,5/1/2016,7566,3.50999999,3.50999999,0,0,0,3.50999999,0,0,0,240,741,2246
6775888955,5/1/2016,4493,1.779999971,1.779999971,0,0.479999989,0.620000005,0.680000007,0,9,34,50,1347,2319
6117666160,5/1/2016,5250,6.730000019,6.730000019,0,0,0,6.730000019,0,0,0,397,525,2361
2022484408,5/1/2016,12024,7.400000095,7.400000095,0,1.940000057,0.959999979,4.5,0,25,28,245,1142,2380
1927972279,5/1/2016,12574,1.870000005,1.870000005,0,1.00999999,0.029999999,0.829999983,0,14,1,70,1355,2411
8583815059,5/1/2016,0,3.519999981,3.519999981,0,0.779999971,0.119999997,2.039999962,0,10,2,117,1311,2596
1624580081,5/1/2016,15447,28.03000069,28.03000069,0,21.92000008,4.190000057,1.909999967,0.02,186,63,171,1020,2690
1644430081,5/1/2016,14371,4.460000038,4.460000038,0,0.239999995,0.99000001,3.230000019,0,3,24,146,908,2696
7086361926,5/1/2016,2945,8.069999695,8.069999695,0,2.299999952,0.899999976,4.849999905,0,30,15,258,685,2730
8877689391,5/1/2016,0,8.319999695,8.319999695,0,3.130000114,0.569999993,4.570000172,0,36,12,166,1226,2786
4388161847,5/1/2016,8053,7.889999866,7.889999866,0,1.00999999,0.680000007,6.199999809,0,12,15,241,579,2926
6290855005,5/1/2016,4933,7.440000057,7.440000057,0,0.660000026,2.75,4,0.02,8,95,282,1055,3327
8378563200,5/1/2016,703,9.06000042,9.06000042,0,6.03000021,0.560000002,2.470000029,0,71,10,127,669,3369
5577150313,5/1/2016,5771,9.989999771,9.989999771,0,5.309999943,1.440000057,3.24000001,0,194,72,178,499,4546
1844505072,5/2/2016,13272,0,0,0,0,0,0,0,0,0,0,1440,1348
1624580081,5/2/2016,15355,4.929999828,4.929999828,0,0.860000014,0.589999974,3.470000029,0,7,6,166,1261,1497
2320127002,5/2/2016,10725,2.450000048,2.450000048,0,0.360000014,0.209999993,1.879999995,0,5,6,123,1306,1613
2026352035,5/2/2016,11207,4.349999905,4.349999905,0,0,0,4.349999905,0,0,0,355,716,1690
3977333714,5/2/2016,9469,11.05000019,11.05000019,0,1.539999962,6.480000019,3.019999981,0,24,143,176,713,1760
6775888955,5/2/2016,4477,0,0,0,0,0,0,0,0,0,0,1440,1841
2873212765,5/2/2016,10144,5.059999943,5.059999943,0,0,0.209999993,4.829999924,0.02,0,7,334,1099,1878
8053475328,5/2/2016,2268,1.429999948,1.429999948,0,0,0,1.429999948,0,0,0,95,1345,1988
5553957443,5/2/2016,6175,6.380000114,6.380000114,0,1.059999943,0.409999996,4.900000095,0,23,9,227,724,1996
1503960366,5/2/2016,19769,9.710000038,9.710000038,0,3.210000038,0.569999993,5.920000076,0,41,15,277,798,2004
8792009665,5/2/2016,0,1.169999957,1.169999957,0,0,0,1.169999957,0,0,0,101,916,2015
6117666160,5/2/2016,5245,3.730000019,3.730000019,0,0,0,3.730000019,0,0,0,236,1204,2044
4558609924,5/2/2016,7135,5.21999979,5.21999979,0,0,0,5.21999979,0,0,0,383,1057,2066
6962181067,5/2/2016,3843,8.539999962,8.539999962,0,1.200000048,2,5.340000153,0,18,39,313,655,2162
8877689391,5/2/2016,0,3.640000105,3.640000105,0,0,0,3.559999943,0,0,0,105,1335,2189
4020332650,5/2/2016,9023,0.340000004,0.340000004,0,0,0.039999999,0.289999992,0,0,11,31,1350,2207
4319703577,5/2/2016,8382,6.239999771,6.239999771,0,0,0.439999998,5.710000038,0,0,11,344,585,2270
4445114986,5/2/2016,7550,4.75,4.75,0,2.210000038,0.189999998,2.349999905,0,27,4,200,667,2336
2022484408,5/2/2016,12022,7.289999962,7.289999962,0,2.609999895,0.340000004,4.329999924,0,36,8,277,1119,2473
1927972279,5/2/2016,12533,2.619999886,2.619999886,0,1.159999967,0.300000012,1.159999967,0,16,8,94,1322,2505
1644430081,5/2/2016,14370,2.730000019,2.730000019,0,0.07,0.310000002,2.349999905,0,1,7,148,682,2580
7007744171,5/2/2016,3409,9.180000305,8.720000267,2.832325935,4.639999866,0.699999988,3.829999924,0,64,14,250,1112,2642
6290855005,5/2/2016,4929,5.130000114,5.130000114,0,0,0,5.110000134,0.02,0,0,268,1172,2725
7086361926,5/2/2016,2943,6.809999943,6.809999943,0,3.480000019,0.660000026,2.660000086,0,66,26,139,737,2754
4702921684,5/2/2016,6708,5.920000076,5.920000076,0,0.379999995,1.74000001,3.75999999,0,5,40,195,1131,2859
8583815059,5/2/2016,0,6.610000134,6.610000134,0,0,0,0,0,0,0,0,1440,2894
5577150313,5/2/2016,5731,5.559999943,5.559999943,0,1.120000005,0.349999994,4.070000172,0,37,20,235,732,3014
4388161847,5/2/2016,8001,8.399999619,8.399999619,0,3.769999981,0.079999998,4.550000191,0,33,4,204,935,3147
8378563200,5/2/2016,678,4.809999943,4.809999943,2.092147112,0.629999995,0.170000002,4.010000229,0,63,4,142,802,3491
1624580081,5/3/2016,15337,1.370000005,1.370000005,0,0,0,1.340000033,0.02,0,0,96,1344,1334
6117666160,5/3/2016,5234,0,0,0,0,0,0,0,0,0,0,1440,1496
2026352035,5/3/2016,11200,3.720000029,3.720000029,0,0,0,3.720000029,0,0,0,304,981,1604
3977333714,5/3/2016,9461,9.590000153,9.590000153,0,3.319999933,1.74000001,4.53000021,0,47,41,258,594,1710
1844505072,5/3/2016,13239,2.680000067,2.680000067,0,0,0,2.680000067,0,0,0,184,1256,1742
6775888955,5/3/2016,4468,0.01,0.01,0,0,0,0.01,0,0,0,1,1439,1843
2320127002,5/3/2016,10694,5.019999981,5.019999981,0,1.49000001,0.370000005,3.160000086,0,20,10,206,1204,1878
2873212765,5/3/2016,10140,4.980000019,4.980000019,0,0.059999999,0.25,4.659999847,0.01,1,6,363,1070,1906
4558609924,5/3/2016,7132,3.480000019,3.480000019,0,0.600000024,0.280000001,2.599999905,0,21,10,237,1172,1953
1503960366,5/3/2016,19542,9.659999847,9.659999847,0,3.730000019,1.049999952,4.880000114,0,50,24,254,816,1990
6962181067,5/3/2016,3821,8.119999886,8.119999886,0,1.74000001,2.039999962,4.329999924,0,21,36,267,654,2072
5553957443,5/3/2016,6175,8.390000343,8.390000343,0,1.5,1.200000048,5.679999828,0,26,29,247,812,2116
1927972279,5/3/2016,12474,0.920000017,0.920000017,0,0.730000019,0,0.180000007,0,10,0,17,1413,2195
4319703577,5/3/2016,8367,6.46999979,6.46999979,0,0.579999983,1.070000052,4.829999924,0,8,26,287,669,2235
8792009665,5/3/2016,0,1.549999952,1.549999952,0,0,0,1.549999952,0,0,0,156,739,2297
4445114986,5/3/2016,7525,5.179999828,5.179999828,0,2.480000019,0.109999999,2.579999924,0,30,2,233,725,2421
6290855005,5/3/2016,4926,4.570000172,4.570000172,0,0,0,4.570000172,0,0,0,240,1200,2671
2022484408,5/3/2016,12015,8.739999771,8.739999771,0,3.99000001,0.460000008,4.28000021,0,72,14,250,1104,2752
7086361926,5/3/2016,2923,6.760000229,6.760000229,0,2.74000001,0.850000024,3.160000086,0,57,36,152,761,2754
8877689391,5/3/2016,0,8.210000038,8.210000038,0,1.389999986,0.100000001,6.670000076,0.01,19,3,229,1189,2817
4020332650,5/3/2016,9010,3.220000029,3.220000029,0,0,0,3.150000095,0.050000001,0,0,174,950,2828
7007744171,5/3/2016,3404,10.86999989,9.710000038,4.912367821,4.480000019,1.019999981,5.360000134,0,58,31,330,1021,2976
8053475328,5/3/2016,2237,11.89999962,11.89999962,0,8.390000343,0.930000007,2.589999914,0,87,22,165,1166,3023
4702921684,5/3/2016,6697,7.670000076,7.670000076,0,0,0,7.670000076,0,0,0,313,729,3145
8583815059,5/3/2016,0,9.369999886,9.369999886,0,0,0,0,0,0,0,0,1440,3212
4388161847,5/3/2016,7990,9.789999962,9.789999962,0,1.129999995,0.779999971,7.880000114,0,18,18,306,984,3290
1644430081,5/3/2016,14365,9.340000153,9.340000153,0,0.720000029,4.090000153,4.539999962,0,10,94,221,1115,3324
8378563200,5/3/2016,655,6.909999847,6.909999847,2.253081083,1.340000033,1.059999943,4.5,0,71,20,195,822,3784
5577150313,5/3/2016,5709,8.25,8.25,0,4.519999981,0.150000006,3.569999933,0,97,8,212,580,3795
1624580081,5/4/2016,15300,1.429999948,1.429999948,0,0,0,1.419999957,0,0,0,118,1322,1368
2320127002,5/4/2016,10690,0.810000002,0.810000002,0,0,0,0.810000002,0,0,0,52,1388,1426
1844505072,5/4/2016,13238,1.370000005,1.370000005,0,0,0,1.370000005,0,0,0,87,1353,1549
7007744171,5/4/2016,3403,0,0,0,0,0,0,0,0,0,0,1440,1557
3977333714,5/4/2016,9454,9.43999958,9.43999958,0,1.809999943,4.579999924,2.890000105,0,14,96,142,852,1628
2026352035,5/4/2016,11193,4.070000172,4.070000172,0,0,0,4.070000172,0,0,0,345,530,1658
5553957443,5/4/2016,6174,2.769999981,2.769999981,0,0,0,2.769999981,0,0,0,224,651,1698
1503960366,5/4/2016,19377,7.150000095,7.150000095,0,2.460000038,0.870000005,3.819999933,0,36,22,203,1179,1819
6775888955,5/4/2016,4414,0,0,0,0,0,0,0,0,0,0,1440,1841
4558609924,5/4/2016,7114,3.460000038,3.460000038,0,0,0,3.460000038,0,0,0,252,1188,1842
6117666160,5/4/2016,5232,2.25999999,2.25999999,0,0,0,2.25999999,0,0,0,156,1279,1902
2873212765,5/4/2016,10129,5.559999943,5.559999943,0,0,0,5.559999943,0,0,0,420,1020,2015
8792009665,5/4/2016,0,1.460000038,1.460000038,0,0,0,1.460000038,0,0,0,129,848,2067
4445114986,5/4/2016,7502,1.960000038,1.960000038,0,0,0,1.960000038,0,0,0,180,897,2070
6962181067,5/4/2016,3809,6.710000038,6.710000038,0,0.469999999,1.679999948,4.550000191,0,15,36,284,683,2086
1644430081,5/4/2016,14335,1.679999948,1.679999948,0,0,0,1.659999967,0.02,0,0,52,1388,2222
4319703577,5/4/2016,8360,7.019999981,7.019999981,0,0.589999974,0.579999983,5.849999905,0,8,13,313,1106,2282
1927972279,5/4/2016,12465,1.24000001,1.24000001,0,0,0,1.24000001,0,0,0,87,1353,2338
8583815059,5/4/2016,0,2.799999952,2.799999952,0,0,0,0,0,0,0,0,1440,2516
2022484408,5/4/2016,11992,8.289999962,8.289999962,0,2.50999999,0.930000007,4.849999905,0,36,27,272,1105,2649
7086361926,5/4/2016,2916,8.31000042,8.31000042,0,5.28000021,0.119999997,2.900000095,0,45,12,135,843,2655
6290855005,5/4/2016,4920,4.409999847,4.409999847,0,0,0,4.400000095,0.01,0,0,272,1168,2718
5577150313,5/4/2016,5697,3.890000105,3.890000105,0,1.559999943,0.25,2.079999924,0,25,9,141,631,2755
8053475328,5/4/2016,2193,11.14999962,11.14999962,0,8.819999695,0.400000006,1.909999967,0,89,8,123,1220,2918
4702921684,5/4/2016,6643,6.619999886,6.619999886,0,0.340000004,0.730000019,5.539999962,0,4,15,251,757,3004
8378563200,5/4/2016,637,6.239999771,6.239999771,0,1.559999943,0.49000001,4.199999809,0,19,10,167,680,3110
4388161847,5/4/2016,7948,9.520000458,9.520000458,0,2.789999962,0.930000007,5.800000191,0,35,21,251,632,3162
8877689391,5/4/2016,0,16.29999924,16.29999924,0,10.42000008,0.310000002,5.53000021,0,66,8,212,1154,3477
4020332650,5/4/2016,8954,7.349999905,7.349999905,0,0.670000017,1.039999962,5.579999924,0,13,46,346,531,3879
1624580081,5/5/2016,15299,1.610000014,1.610000014,0,0,0,1.580000043,0.02,0,0,117,1323,1370
1844505072,5/5/2016,13236,1.480000019,1.480000019,0,0,0,1.480000019,0,0,0,120,1320,1589
3977333714,5/5/2016,9451,8.579999924,8.579999924,0,1.75999999,4.110000134,2.710000038,0,14,88,178,680,1618
8792009665,5/5/2016,0,0,0,0,0,0,0,0,0,0,0,1440,1688
2320127002,5/5/2016,10688,3.50999999,3.50999999,0,0,0.389999986,3.109999895,0,0,11,223,1206,1780
6775888955,5/5/2016,4369,0,0,0,0,0,0,0,0,0,0,1440,1841
2026352035,5/5/2016,11181,7.539999962,7.539999962,0,0,0,7.539999962,0,0,0,475,479,1926
1503960366,5/5/2016,18827,8.899999619,8.899999619,0,2.920000076,1.080000043,4.880000114,0,45,24,250,857,1959
2873212765,5/5/2016,10122,5.610000134,5.610000134,0,0.779999971,0.800000012,4.03000021,0,13,23,311,1093,1971
1927972279,5/5/2016,12461,0,0,0,0,0,0,0,0,0,0,1440,2063
6962181067,5/5/2016,3800,6.960000038,6.960000038,0,0.99000001,1.159999967,4.809999943,0,14,22,305,591,2066
4445114986,5/5/2016,7451,2.549999952,2.549999952,0,0.119999997,0.239999995,2.180000067,0,2,6,185,734,2120
5553957443,5/5/2016,6157,9.510000229,9.510000229,0,3.430000067,1.659999967,4.429999828,0,44,29,241,692,2156
4558609924,5/5/2016,7091,7.010000229,7.010000229,0,1.00999999,0.5,5.510000229,0,14,8,370,1048,2262
7086361926,5/5/2016,2915,5.599999905,5.599999905,0,1.779999971,0.829999983,2.950000048,0,24,14,149,1253,2386
1644430081,5/5/2016,14331,3.190000057,3.190000057,0,0.519999981,0.540000021,2.130000114,0.01,6,12,81,1341,2463
4319703577,5/5/2016,8330,9.489999771,9.489999771,0,2.630000114,1.409999967,5.449999809,0,27,34,328,957,2530
2022484408,5/5/2016,11895,8.350000381,8.350000381,0,2.789999962,0.860000014,4.699999809,0,55,20,253,1112,2609
6117666160,5/5/2016,5232,7.400000095,7.400000095,0,0,0,7.400000095,0,0,0,487,479,2636
6290855005,5/5/2016,4880,4.789999962,4.789999962,0,0,0,4.789999962,0,0,0,239,1201,2682
4388161847,5/5/2016,7937,7.380000114,7.380000114,0,0.629999995,1.669999957,5.090000153,0,12,39,199,896,2899
7007744171,5/5/2016,3385,11.10000038,10.03999996,4.878232002,4.329999924,1.289999962,5.480000019,0,53,23,317,1047,2933
8053475328,5/5/2016,2163,11.51000023,11.51000023,0,8.850000381,0.449999988,2.210000038,0,93,9,130,1208,2950
5577150313,5/5/2016,5664,5.639999866,5.639999866,0,2.5,0.469999999,2.670000076,0,45,21,143,1153,3004
4702921684,5/5/2016,6637,6.989999771,6.989999771,0,0.670000017,0.219999999,6.090000153,0,8,5,241,745,3006
8877689391,5/5/2016,0,10.67000008,10.67000008,0,5.460000038,0.819999993,4.369999886,0,67,15,188,1170,3052
8583815059,5/5/2016,0,9.68999958,9.68999958,0,0,0,1.179999948,0,0,0,70,1370,3266
4020332650,5/5/2016,8940,8.430000305,8.430000305,0,2.619999886,1.679999948,4.039999962,0.07,38,42,196,916,3429
8378563200,5/5/2016,590,6.789999962,6.789999962,2.253081083,0.889999986,0.159999996,5.739999771,0,66,3,214,764,3783
1624580081,5/6/2016,15168,1.120000005,1.120000005,0,0,0,1.120000005,0.01,0,0,102,1338,1341
1844505072,5/6/2016,13217,0.029999999,0.029999999,0,0,0,0.029999999,0,0,0,2,1438,1351
3977333714,5/6/2016,9423,8.279999733,8.279999733,0,3.109999895,2.50999999,2.670000076,0,29,55,168,676,1590
8792009665,5/6/2016,0,0,0,0,0,0,0,0,0,0,0,1440,1688
4558609924,5/6/2016,7063,2.480000019,2.480000019,0,0,0,2.480000019,0,0,0,202,1238,1722
2026352035,5/6/2016,11179,5.079999924,5.079999924,0,0,0,5.079999924,0,0,0,383,511,1736
2320127002,5/6/2016,10686,3.289999962,3.289999962,0,0,0,3.289999962,0,0,0,204,1236,1742
6117666160,5/6/2016,5206,2.680000067,2.680000067,0,0,0,2.680000067,0,0,0,133,673,1838
6962181067,5/6/2016,3790,3.910000086,3.910000086,0,0,0,3.910000086,0,0,0,299,717,1850
1503960366,5/6/2016,18785,8.029999733,8.029999733,0,1.970000029,0.25,5.809999943,0,24,6,289,754,1896
2873212765,5/6/2016,10119,4.75,4.75,0,0,0.119999997,4.610000134,0.01,0,5,370,1065,1910
5553957443,5/6/2016,6155,6.289999962,6.289999962,0,1.519999981,0.540000021,4.230000019,0,21,9,229,761,1916
4445114986,5/6/2016,7443,3.029999971,3.029999971,0,0,0,3.029999971,0,0,0,229,809,2211
4319703577,5/6/2016,8314,6.420000076,6.420000076,0,0.409999996,0.469999999,5.460000038,0,6,11,314,692,2266
1927972279,5/6/2016,12453,1.450000048,1.450000048,0,0,0,1.450000048,0,0,0,108,1332,2383
6775888955,5/6/2016,4363,3.369999886,3.369999886,0,0.469999999,0.930000007,1.929999948,0,12,35,75,1318,2496
2022484408,5/6/2016,11886,7.179999828,7.179999828,0,1.870000005,0.670000017,4.639999866,0,24,17,295,1104,2498
7007744171,5/6/2016,3369,7.670000076,7.670000076,0,3,0.810000002,3.859999895,0,44,13,247,1136,2553
5577150313,5/6/2016,5652,3.700000048,3.700000048,0,1.929999948,0.319999993,1.450000048,0,41,16,79,1304,2643
8583815059,5/6/2016,0,4.559999943,4.559999943,0,0.140000001,1.190000057,3.230000019,0,2,22,166,1250,2683
4020332650,5/6/2016,8925,3.130000114,3.130000114,0,0,0,3.099999905,0.01,0,0,177,855,2704
6290855005,5/6/2016,4878,4.619999886,4.619999886,0,0,0,4.590000153,0.029999999,0,0,305,1135,2806
8053475328,5/6/2016,2153,11,11,0,9.100000381,0.689999998,1.210000038,0,90,15,90,1245,2859
4702921684,5/6/2016,6582,5.630000114,5.630000114,0,0.079999998,0.660000026,4.869999886,0,1,16,207,682,2859
7086361926,5/6/2016,2826,8.380000114,8.380000114,0,3.819999933,1.429999948,3.119999886,0,84,35,154,834,2924
1644430081,5/6/2016,14269,7.119999886,7.119999886,0,0.819999993,0.270000011,6.010000229,0.02,11,6,369,1054,3328
4388161847,5/6/2016,7937,10.13000011,10.13000011,0,2.109999895,2.089999914,5.929999828,0,33,45,262,1100,3425
8378563200,5/6/2016,475,5.590000153,5.590000153,2.092147112,1.549999952,0.25,3.779999971,0,74,5,166,831,3644
8877689391,5/6/2016,0,19.34000015,19.34000015,0,12.78999996,0.289999992,6.159999847,0,96,17,232,1095,4015
7007744171,5/7/2016,3365,0,0,0,0,0,0,0,0,0,0,111,120
6775888955,5/7/2016,4363,1.409999967,1.409999967,0,0.129999995,0.239999995,1.049999952,0,2,5,49,551,1032
1844505072,5/7/2016,13175,0,0,0,0,0,0,0,0,0,0,1440,1347
1624580081,5/7/2016,15148,1.370000005,1.370000005,0,0,0,1.370000005,0,0,0,182,1258,1474
2026352035,5/7/2016,11177,2.599999905,2.599999905,0,0,0,2.599999905,0,0,0,229,665,1491
5553957443,5/7/2016,6132,1.220000029,1.220000029,0,0,0,1.220000029,0,0,0,96,902,1494
3977333714,5/7/2016,9411,7.730000019,7.730000019,0,0,4.130000114,3.589999914,0,0,86,208,703,1574
8792009665,5/7/2016,0,0,0,0,0,0,0,0,0,0,0,1440,1688
5577150313,5/7/2016,5600,0,0,0,0,0,0,0,0,0,0,1440,1819
1503960366,5/7/2016,18387,7.710000038,7.710000038,0,2.460000038,2.119999886,3.130000114,0,37,46,175,833,1821
2873212765,5/7/2016,10113,3.380000114,3.380000114,0,2.279999971,0.550000012,0.550000012,0,75,11,52,1302,1897
6962181067,5/7/2016,3789,4.5,4.5,0,0,0,4.5,0,0,0,328,745,1947
2320127002,5/7/2016,10685,4.96999979,4.96999979,0,0,0,4.96999979,0,0,0,319,1121,1972
4558609924,5/7/2016,7047,5.440000057,5.440000057,0,1.610000014,1,2.829999924,0,23,16,233,1116,1973
2022484408,5/7/2016,11875,4.710000038,4.710000038,0,1.610000014,0.079999998,3.019999981,0,20,2,149,1269,1995
4445114986,5/7/2016,7439,3.589999914,3.589999914,0,2.130000114,0.189999998,1.25,0,26,4,108,866,2123
4319703577,5/7/2016,8301,5.329999924,5.329999924,0,0.189999998,1.049999952,4.079999924,0,3,28,279,586,2158
1927972279,5/7/2016,12427,1.039999962,1.039999962,0,0,0,1.039999962,0,0,0,48,1392,2229
6117666160,5/7/2016,5205,5.539999962,5.539999962,0,0,0,5.539999962,0,0,0,412,456,2469
6290855005,5/7/2016,4832,4.170000076,4.170000076,0,0,0,4.159999847,0,0,0,227,1213,2613
7086361926,5/7/2016,2824,8.479999542,8.479999542,0,1.460000038,2.329999924,4.679999828,0,20,42,209,621,2739
8378563200,5/7/2016,400,3.539999962,3.539999962,0,0,0,3.539999962,0,0,0,158,851,2799
8583815059,5/7/2016,0,4.769999981,4.769999981,0,0,0,4.769999981,0,0,0,250,1190,2810
4020332650,5/7/2016,8915,4.400000095,4.400000095,0,0,0,3.579999924,0,0,0,184,1256,2975
8053475328,5/7/2016,2132,15.67000008,15.67000008,0,12.43999958,0.879999995,2.349999905,0,121,20,148,1076,3331
1644430081,5/7/2016,14194,9.720000267,9.720000267,0,3.25999999,0.790000021,5.670000076,0.01,41,17,243,1139,3404
4702921684,5/7/2016,6580,11.64999962,11.64999962,0,0.370000005,2.309999943,8.970000267,0,5,46,439,577,3683
4388161847,5/7/2016,7924,17.54000092,17.54000092,0,9.449999809,2.769999981,5.329999924,0,120,56,260,508,4022
8877689391,5/7/2016,0,8.130000114,8.130000114,0,0.079999998,0.959999979,6.989999771,0,105,28,271,1036,4142
1844505072,5/8/2016,13162,0,0,0,0,0,0,0,0,0,0,1440,1347
1624580081,5/8/2016,15128,2.230000019,2.230000019,0,0,0,2.220000029,0,0,0,152,1288,1427
2026352035,5/8/2016,11140,3.450000048,3.450000048,0,0,0,3.450000048,0,0,0,258,610,1555
3977333714,5/8/2016,9405,9.090000153,9.090000153,0,0.680000007,5.239999771,3.170000076,0,9,116,171,688,1633
6962181067,5/8/2016,3761,2.769999981,2.769999981,0,0,0.519999981,2.25,0,0,14,151,709,1659
8792009665,5/8/2016,0,0,0,0,0,0,0,0,0,0,0,1440,1688
1503960366,5/8/2016,18258,6.579999924,6.579999924,0,3.529999971,0.319999993,2.730000019,0,44,8,203,574,1740
5553957443,5/8/2016,6132,4,4,0,0.219999999,0.469999999,3.299999952,0,3,8,210,505,1762
4319703577,5/8/2016,8294,2.460000038,2.460000038,0,0,0,2.460000038,0,0,0,153,603,1792
5577150313,5/8/2016,5583,0,0,0,0,0,0,0,0,0,0,1440,1819
2320127002,5/8/2016,10677,3.480000019,3.480000019,0,0,0,3.470000029,0,0,0,247,1193,1821
2022484408,5/8/2016,11835,2.309999943,2.309999943,0,0,0,2.309999943,0,0,0,135,1305,1848
1927972279,5/8/2016,12422,0,0,0,0,0,0,0,0,0,0,1440,2063
2873212765,5/8/2016,10100,5.539999962,5.539999962,0,2.900000095,0,2.640000105,0,46,0,326,1068,2096
6117666160,5/8/2016,5202,5.53000021,5.53000021,0,0,0,5.53000021,0,0,0,318,517,2250
4445114986,5/8/2016,7412,4.900000095,4.900000095,0,0,0.25,4.650000095,0,0,8,308,733,2423
7086361926,5/8/2016,2817,7.099999905,7.099999905,0,2.309999943,1.529999971,3.25,0,32,27,147,695,2534
4558609924,5/8/2016,7045,4.329999924,4.329999924,0,1.799999952,0.5,2.019999981,0,66,35,238,1019,2666
8378563200,5/8/2016,356,2.329999924,2.329999924,0,0,0,2.329999924,0,0,0,139,621,2685
6290855005,5/8/2016,4803,5.829999924,5.829999924,0,0,0,5.820000172,0,0,0,251,1189,2712
8877689391,5/8/2016,0,8.109999657,8.109999657,0,1.080000043,0.200000003,6.800000191,0,17,4,245,1174,2847
8583815059,5/8/2016,0,7.190000057,7.190000057,0,0.219999999,3.309999943,3.660000086,0,3,72,182,1183,2940
1644430081,5/8/2016,14172,4.889999866,4.889999866,0,0,0,4.880000114,0,0,0,295,991,2987
4020332650,5/8/2016,8911,4.199999809,4.199999809,0,0,0,4.150000095,0,0,0,263,775,3089
4702921684,5/8/2016,6564,10.43000031,10.43000031,0,0.680000007,6.210000038,3.539999962,0,9,125,192,1019,3287
8053475328,5/8/2016,2104,17.64999962,17.64999962,0,13.39999962,0.589999974,3.660000086,0,125,14,228,1073,3589
4388161847,5/8/2016,7913,14.38000011,14.38000011,0,9.890000343,1.25999999,3.230000019,0,107,38,178,576,3934
6117666160,5/9/2016,5183,3.380000114,3.380000114,0,0,0,3.380000114,0,0,0,197,125,1248
1624580081,5/9/2016,15126,1.129999995,1.129999995,0,0,0,1.129999995,0,0,0,91,1349,1328
1844505072,5/9/2016,13154,0,0,0,0,0,0,0,0,0,0,1440,1347
2320127002,5/9/2016,10645,2.079999924,2.079999924,0,0,0,2.079999924,0,0,0,145,1295,1630
3977333714,5/9/2016,9388,10.07999992,10.07999992,0,0.769999981,5.599999905,3.549999952,0,8,122,151,1159,1667
8792009665,5/9/2016,0,0,0,0,0,0,0,0,0,0,0,1440,1688
1503960366,5/9/2016,18229,7.71999979,7.71999979,0,3.450000048,0.529999971,3.74000001,0,46,11,206,835,1819
2026352035,5/9/2016,11135,6.619999886,6.619999886,0,0,0,6.599999905,0,0,0,401,543,1869
2873212765,5/9/2016,10096,5.190000057,5.190000057,0,0,0,5.190000057,0,0,0,345,1095,1906
1927972279,5/9/2016,12414,0,0,0,0,0,0,0,0,0,0,1440,2063
6962181067,5/9/2016,3761,8.720000267,8.680000305,3.167821884,3.900000095,1.179999948,3.650000095,0,43,21,231,607,2105
6290855005,5/9/2016,4790,4.75,4.75,0,0,0,4.730000019,0.02,0,0,264,800,2175
4558609924,5/9/2016,7018,7.570000172,7.570000172,0,0.430000007,1.620000005,5.519999981,0,6,30,339,1065,2223
5553957443,5/9/2016,6117,7.579999924,7.579999924,0,2.130000114,0.889999986,4.559999943,0,59,22,251,667,2272
4445114986,5/9/2016,7399,3.539999962,3.539999962,0,0,0,3.539999962,0,0,0,266,641,2281
4319703577,5/9/2016,8286,6.960000038,6.960000038,0,0.140000001,0.560000002,6.25,0,2,14,374,490,2345
5577150313,5/9/2016,5571,2.559999943,2.559999943,0,1.429999948,0.140000001,0.99000001,0,34,11,70,1099,2489
2022484408,5/9/2016,11768,9.390000343,9.390000343,0,2.119999886,1.629999995,5.639999866,0,35,47,297,1061,2709
8053475328,5/9/2016,2100,9.380000114,9.380000114,0,6.119999886,0.569999993,2.690000057,0,66,12,148,1214,2765
4020332650,5/9/2016,8905,3.269999981,3.269999981,0,0.200000003,0.119999997,2.940000057,0,3,5,173,1225,2785
8583815059,5/9/2016,0,7.699999809,7.699999809,0,5.760000229,0.170000002,1.730000019,0,66,4,110,1260,2947
7086361926,5/9/2016,2759,9.109999657,9.109999657,0,4.260000229,1.710000038,3.119999886,0,67,50,171,743,2960
4702921684,5/9/2016,6559,6.679999828,6.679999828,0,0,0.569999993,6.099999905,0,0,12,253,746,2990
1644430081,5/9/2016,14131,4.829999924,4.829999924,0,2.390000105,0.349999994,2.089999914,0.01,32,6,303,1099,3008
4388161847,5/9/2016,7910,7.860000134,7.860000134,0,0.340000004,0.730000019,6.789999962,0,6,19,258,1020,3013
8877689391,5/9/2016,0,18.25,18.25,0,11.10000038,0.800000012,6.239999771,0.050000001,73,19,217,1131,3710
8378563200,5/9/2016,254,6.650000095,6.650000095,2.092147112,1.269999981,0.660000026,4.71999979,0,71,13,171,772,3721
6290855005,5/10/2016,4747,0,0,0,0,0,0,0,0,0,0,1440,0
8792009665,5/10/2016,0,0,0,0,0,0,0,0,0,0,0,48,57
2026352035,5/10/2016,11107,0.159999996,0.159999996,0,0,0,0.159999996,0,0,0,17,1002,1141
1844505072,5/10/2016,13072,0,0,0,0,0,0,0,0,0,0,1440,1347
1624580081,5/10/2016,15118,1.929999948,1.929999948,0,0,0,1.919999957,0.01,0,0,139,1301,1393
3977333714,5/10/2016,9317,8.779999733,8.779999733,0,0.07,5.400000095,3.309999943,0,1,115,196,676,1630
1503960366,5/10/2016,18213,7.769999981,7.769999981,0,3.349999905,1.159999967,3.25999999,0,46,31,214,746,1859
4558609924,5/10/2016,7007,4.25,4.25,0,0.74000001,1.120000005,2.390000105,0,11,18,220,1191,1889
2320127002,5/10/2016,10613,4.199999809,4.199999809,0,0,0,4.199999809,0,0,0,290,1150,1899
2873212765,5/10/2016,10091,5.559999943,5.559999943,0,0,0,5.550000191,0.01,0,0,373,1067,1962
1927972279,5/10/2016,12405,0,0,0,0,0,0,0,0,0,0,1440,2063
4445114986,5/10/2016,7396,2.630000114,2.630000114,0,0,0,2.630000114,0,0,0,231,783,2181
4319703577,5/10/2016,8283,6.369999886,6.369999886,0,0.209999993,0.460000008,5.699999809,0,3,12,329,555,2260
5553957443,5/10/2016,6116,10.71000004,10.71000004,0,3.869999886,1.610000014,5.199999809,0,61,40,265,707,2335
6962181067,5/10/2016,3758,10.21000004,10.21000004,0,3.470000029,1.75,4.989999771,0,62,34,275,626,2361
2022484408,5/10/2016,11728,8.979999542,8.979999542,0,2.220000029,1.210000038,5.559999943,0,57,28,271,1084,2797
1644430081,5/10/2016,14112,6.659999847,6.659999847,0,0.879999995,0.810000002,4.96999979,0.01,12,19,155,1254,2799
7086361926,5/10/2016,2752,10.78999996,10.78999996,0,7.110000134,1.200000048,2.450000048,0,72,23,106,1182,2800
8877689391,5/10/2016,0,8.149999619,8.149999619,0,1.350000024,0.460000008,6.28000021,0,18,11,224,1187,2832
8583815059,5/10/2016,0,6.429999828,6.429999828,0,0.689999998,2.00999999,3.720000029,0,9,43,162,1226,2846
8053475328,5/10/2016,2091,11.35999966,11.35999966,0,9.090000153,0.419999987,1.850000024,0,96,10,115,1219,2926
4020332650,5/10/2016,8891,3.980000019,3.980000019,0,0,0,3.869999886,0.039999999,0,0,206,774,2926
4388161847,5/10/2016,7904,7.920000076,7.920000076,0,0.810000002,0.649999976,6.460000038,0,13,14,267,648,3061
4702921684,5/10/2016,6543,8.609999657,8.609999657,0,0.079999998,1.879999995,6.650000095,0,1,37,262,701,3172
8378563200,5/10/2016,244,5.21999979,5.21999979,2.253081083,0.660000026,0.639999986,3.920000076,0,63,13,152,840,3586
5577150313,5/10/2016,5565,6.650000095,6.650000095,0,2.559999943,0.75,3.349999905,0,104,37,194,639,3841
3977333714,5/11/2016,9282,0.5,0.5,0,0.370000005,0,0.129999995,0,4,0,9,13,52
1644430081,5/11/2016,14070,0.970000029,0.970000029,0,0,0,0.949999988,0.01,0,0,49,713,1276
1844505072,5/11/2016,13070,0,0,0,0,0,0,0,0,0,0,1440,1347
1624580081,5/11/2016,15112,2.039999962,2.039999962,0,0,0,2.039999962,0,0,0,112,1328,1359
5577150313,5/11/2016,5563,3.039999962,3.039999962,0,1.830000043,0.300000012,0.889999986,0,45,15,63,257,1665
5553957443,5/11/2016,6108,3.220000029,3.220000029,0,0,0,3.220000029,0,0,0,195,628,1693
2026352035,5/11/2016,11101,5.320000172,5.320000172,0,0,0,5.320000172,0,0,0,330,569,1698
1503960366,5/11/2016,18193,8.130000114,8.130000114,0,2.559999943,1.00999999,4.550000191,0,36,23,251,669,1783
2873212765,5/11/2016,10085,4.329999924,4.329999924,0,0,0,4.320000172,0.01,0,0,319,1121,1826
6962181067,5/11/2016,3755,4.440000057,4.440000057,0,1.49000001,0.310000002,2.650000095,0,24,7,199,709,1855
2320127002,5/11/2016,10611,4.329999924,4.329999924,0,0,0,4.329999924,0,0,0,300,1140,1903
1927972279,5/11/2016,12390,0,0,0,0,0,0,0,0,0,0,1440,2063
4558609924,5/11/2016,6987,6.019999981,6.019999981,0,0.25999999,1.820000052,3.940000057,0,4,31,324,1081,2131
4319703577,5/11/2016,8278,6.130000114,6.130000114,0,0.200000003,0.74000001,5.179999828,0,3,18,311,574,2232
4445114986,5/11/2016,7379,6.110000134,6.110000134,0,2.25,1,2.859999895,0,34,22,232,622,2499
2022484408,5/11/2016,11682,9.319999695,9.319999695,0,4.179999828,1.149999976,3.99000001,0,58,25,224,1133,2544
4020332650,5/11/2016,8869,2.650000095,2.650000095,0,0.109999999,0.170000002,2.329999924,0,2,8,134,1296,2645
7086361926,5/11/2016,2718,6.519999981,6.519999981,0,2.890000105,1.389999986,2.230000019,0,57,40,128,757,2735
8583815059,5/11/2016,0,6.789999962,6.789999962,0,0.370000005,3.24000001,3.170000076,0,5,71,177,1106,2804
8053475328,5/11/2016,2090,9.399999619,9.399999619,0,6.079999924,0.280000001,3.039999962,0,60,7,184,1189,2809
4388161847,5/11/2016,7891,7.840000153,7.840000153,0,0.529999971,0.790000021,6.53000021,0,8,18,256,858,2954
4702921684,5/11/2016,6530,7.960000038,7.960000038,0,0.779999971,2.160000086,4.980000019,0,10,41,235,784,3069
8378563200,5/11/2016,244,7.25,7.25,2.092147112,1.389999986,0.589999974,5.269999981,0,72,10,184,763,3788
8877689391,5/11/2016,0,19.55999947,19.55999947,0,13.22000027,0.409999996,5.889999866,0,88,12,213,1127,3832
8583815059,5/12/2016,0,0,0,0,0,0,0,0,0,0,0,1440,0
1503960366,5/12/2016,18134,0,0,0,0,0,0,0,0,0,0,1440,0
4319703577,5/12/2016,8275,0.01,0.01,0,0,0,0.01,0,0,0,2,0,257
1844505072,5/12/2016,13041,0,0,0,0,0,0,0,0,0,0,711,665
5553957443,5/12/2016,6093,2.039999962,2.039999962,0,0.579999983,0.400000006,1.059999943,0,8,6,48,222,741
6962181067,5/12/2016,3727,2.369999886,2.369999886,0,0,0.25,2.109999895,0,0,8,105,127,928
1624580081,5/12/2016,15112,1.929999948,1.929999948,0,0,0,1.919999957,0.01,0,0,107,890,1002
4020332650,5/12/2016,8863,0.419999987,0.419999987,0,0,0,0.409999996,0,0,0,21,721,1120
2320127002,5/12/2016,10602,1.789999962,1.789999962,0,0,0,1.789999962,0,0,0,128,830,1125
7086361926,5/12/2016,2713,2.559999943,2.559999943,0,0.379999995,0.270000011,1.889999986,0,5,4,58,343,1199
4445114986,5/12/2016,7373,0.519999981,0.519999981,0,0,0,0.519999981,0,0,0,58,380,1212
4702921684,5/12/2016,6506,2.230000019,2.230000019,0,0,0,2.230000019,0,0,0,68,241,1240
2026352035,5/12/2016,11100,5.510000229,5.510000229,0,0,0,5.510000229,0,0,0,343,330,1364
1927972279,5/12/2016,12386,0,0,0,0,0,0,0,0,0,0,966,1383
2873212765,5/12/2016,10081,5.110000134,5.110000134,0,0,0,5.110000134,0,0,0,268,720,1431
4558609924,5/12/2016,6943,4.170000076,4.170000076,0,0,0,4.170000076,0,0,0,247,736,1452
8053475328,5/12/2016,2080,3.910000086,3.910000086,0,2.950000048,0.200000003,0.75999999,0,28,4,39,839,1505
4388161847,5/12/2016,7881,2.589999914,2.589999914,0,0,0,2.589999914,0,0,0,108,825,1623
8877689391,5/12/2016,0,6.119999886,6.119999886,0,1.820000052,0.039999999,4.25,0,23,1,137,770,1849
2022484408,5/12/2016,11677,6.409999847,6.409999847,0,1.279999971,0.670000017,4.440000057,0,16,16,236,728,1853
8378563200,5/12/2016,197,3.619999886,3.619999886,0,0.649999976,0.270000011,2.690000057,0,8,6,102,433,1976
